[
    {
        "serviceName": "manufacturing-data-service",
        "stateful": false,
        "image": "docker.apple.com/pes/device-services/com.apple.ds.manufacturing/manufacturing-data-service:${ ImageTag }",
        "vips": [
            "manufacturing-data-service-qa1.corp.apple.com,manufacturing-data-service-qa1.kbuse1a.shld.apple.com",
            "manufacturing-data-service-qa2.corp.apple.com,manufacturing-data-service-qa2.kbuse1a.shld.apple.com",
            "manufacturing-data-service-qa3.corp.apple.com,manufacturing-data-service-qa3.kbuse1a.shld.apple.com",
            "manufacturing-data-service-ut-mdn.corp.apple.com,manufacturing-data-service-ut-mdn.kbuse1a.shld.apple.com",
            "manufacturing-data-service-ut-reno.corp.apple.com,manufacturing-data-service-ut-reno.kbusw2a.shld.apple.com",
            "manufacturing-data-service-perf.corp.apple.com,manufacturing-data-service-perf.kbuse1a.shld.apple.com",
            "manufacturing-data-service-stg.corp.apple.com",
            "manufacturing-data-service-prod-mdn.corp.apple.com,manufacturing-data-service.corp.apple.com,manufacturing-dataservice-prod-mdn.kbuse1a.shld.apple.com",
            "manufacturing-data-service-prod-reno.corp.apple.com,manufacturing-data-service.corp.apple.com,manufacturing-dataservice-prod-reno.kbusw2a.shld.apple.com"
        ]
    },
    {
        "serviceName": "manufacturing-event-producer",
        "stateful": true,
        "dedicated_rqm": "",
        "image": "docker.apple.com/pes/device-services/com.apple.ds.manufacturing/manufacturing-event-producer:${ ImageTag }",
        "vips": [
            "ds-haw-internal-qa4.corp.apple.com,ds-haw-internal-qa4.mdn.shld.apple.com",
            "ds-haw-internal-qa5.corp.apple.com,ds-haw-internal-qa5.mdn.shld.apple.com",
            "ds-haw-internal-mt.corp.apple.com,ds-haw-internal-mt.mdn.shld.apple.com",
            "ds-haw-internal-ut.corp.apple.com,ds-haw-internal-ut.mdn.shld.apple.com",
            "ds-haw-internal-it.corp.apple.com,ds-haw-internal-it.mdn.shld.apple.com",
            "ds-haw-internal-it2.corp.apple.com,ds-haw-internal-it2.corp.apple.com,ds-haw-internal-it2.mdn.shld.apple.com",
            "ds-haw-internal-stg.corp.apple.com",
            "ma-ds-haw-internal-prod.corp.apple.com,ds-haw-internal2.apple.com,ds-haw-internal.apple.com,ma-ds-haw-internal-prod.mdn.shld.apple.com,manufacturing-event-producer.corp.apple.com",
            "rn-ds-haw-internal-prod.rno.apple.com,ds-haw-internal2.apple.com,ds-haw-internal.apple.com,rn-ds-haw-internal-prod.rno.shld.apple.com,manufacturing-event-producer.corp.apple.com"
        ]
    },
    {
        "serviceName": "regulatory-data-service",
        "stateful": false,
        "image": "docker.apple.com/pes/device-services/com.apple.ds.regulatory/regulatory-data-service:${ ImageTag }",
        "vips": [
            "regulatory-data-service-qa1.corp.apple.com,regulatory-data-service-qa1.kbuse1a.shld.apple.com",
            "regulatory-data-service-qa2.corp.apple.com,regulatory-data-service-qa2.kbuse1a.shld.apple.com",
            "regulatory-data-service-qa3.corp.apple.com,regulatory-data-service-qa3.kbuse1a.shld.apple.com",
            "regulatory-data-service-ut-mdn.corp.apple.com,regulatory-data-service-ut-mdn.kbuse1a.shld.apple.com",
            "regulatory-data-service-ut-reno.corp.apple.com,regulatory-data-service-ut-reno.kbusw2a.shld.apple.com",
            "regulatory-data-service-perf.corp.apple.com",
            "recycle-data-service-stg.corp.apple.com",
            "regulatory-data-service-prod-mdn.corp.apple.com,regulatory-data-service.corp.apple.com,recycle-data-service-prod-mdn.kbuse1a.shld.apple.com",
            "regulatory-data-service-prod-reno.corp.apple.com,regulatory-data-service.corp.apple.com,recycle-data-service-prod-reno.kbusw2a.shld.apple.com"
        ]
    },
    {
        "serviceName": "activity-handshake",
        "stateful": false,
        "image": "docker.apple.com/pes/device-services/com.apple.ds.activity/activity-handshake:${ ImageTag }",
        "vips": [
            "ma-albert-qa4.mdn.apple.com,albert-qa4.corp.apple.com,ma-albert-qa4.mdn.shld.apple.com",
            "ma-albert-qa5.mdn.apple.com,albert-qa5.corp.apple.com,ma-albert-qa5.mdn.shld.apple.com",
            "ma-albert-mt.mdn.apple.com,ma-albert-maint.mdn.shld.apple.com",
            "ma-albert-ut.mdn.apple.com,albert-ut.corp.apple.com,ma-albert-ut.mdn.shld.apple.com",
            "ma-albert-it.mdn.apple.com,albert-it.corp.apple.com,albert-it.mdn.shld.apple.com",
            "ma1-albert-it2.corp.apple.com,albert-it2.corp.apple.com,ma1-albert-it2.mdn.shld.apple.com",
            "ma-albert-stg.mdn.apple.com",
            "ma-ds-phx-internal.apple.com,ma-albert-prod.apple.com,ds-phx-internal.apple.com,albert.apple.com,ma-albert-prod.sbz.apple.com,ma-ds-phx-internal.shld.apple.com,activity-handshake.corp.apple.com",
            "rn-ds-phx-internal.apple.com,rn-albert-prod.apple.com,ds-phx-internal.apple.com,albert.apple.com,rn-albert-prod.sbz.apple.com,rn-ds-phx-internal.shld.apple.com,activity-handshake.corp.apple.com"
        ]
    },
    {
        "serviceName": "activity-legacy-drm",
        "stateful": false,
        "multipleGroups": true,
        "image": "docker.apple.com/pes/device-services/com.apple.ds.activity/activity-legacy-drm:${ ImageTag }",
        "vips": [
            "ma-albert-qa4.mdn.apple.com,albert-qa4.corp.apple.com,ma-albert-qa4.mdn.shld.apple.com",
            "ma-albert-qa5.mdn.apple.com,albert-qa5.corp.apple.com,ma-albert-qa5.mdn.shld.apple.com",
            "ma-albert-mt.mdn.apple.com,ma-albert-maint.mdn.shld.apple.com",
            "ma-albert-ut.mdn.apple.com,albert-ut.corp.apple.com,ma-albert-ut.mdn.shld.apple.com",
            "ma-albert-it.mdn.apple.com,albert-it.corp.apple.com,albert-it.mdn.shld.apple.com",
            "ma1-albert-it2.corp.apple.com,albert-it2.corp.apple.com,ma1-albert-it2.mdn.shld.apple.com",
            "ma-albert-stg.mdn.apple.com",
            "ma-ds-phx-internal.apple.com,ma-albert-prod.apple.com,ds-phx-internal.apple.com,albert.apple.com,ma-albert-prod.sbz.apple.com,ma-ds-phx-internal.shld.apple.com,activity-legacy-drm.corp.apple.com",
            "rn-ds-phx-internal.apple.com,rn-albert-prod.apple.com,ds-phx-internal.apple.com,albert.apple.com,rn-albert-prod.sbz.apple.com,rn-ds-phx-internal.shld.apple.com,activity-legacy-drm.corp.apple.com"
        ]
    },
    {
        "serviceName": "activity-sepattest",
        "stateful": false,
        "image": "docker.apple.com/pes/device-services/com.apple.ds.activity/activity-sepattest:${ ImageTag }",
        "vips": [
            "activity-sepattest-qa1.corp.apple.com,activity-sepattest-qa1.kbuse1a.shld.apple.com",
            "activity-sepattest-qa2.corp.apple.com",
            "activity-sepattest-qa3.corp.apple.com",
            "activity-sepattest-ut-mdn.corp.apple.com",
            "activity-sepattest-ut-reno.corp.apple.com",
            "activity-sepattest-perf.corp.apple.com,activity-sepattest-perf.kbuse1a.shld.apple.com",
            "activity-sepattest-stg.corp.apple.com,activity-sepattest-stg.kbusw2a.shld.apple.com",
            "activity-sepattest-prod-mdn.corp.apple.com,activity-sepattest.corp.apple.com,activity-sepattest-prod-mdn.kbuse1a.shld.apple.com",
            "activity-sepattest-prod-reno.corp.apple.com,activity-sepattest.corp.apple.com,activity-sepattest-prod-reno.kbusw2a.shld.apple.com"
        ]
    },
    {
        "serviceName": "activity-servicemap",
        "stateful": false,
        "image": "docker.apple.com/pes/device-services/com.apple.ds.activity/activity-servicemap:${ ImageTag }",
        "vips": [
            "activity-servicemap-qa1.corp.apple.com,activity-servicemap-qa1.kbuse1a.shld.apple.com",
            "activity-servicemap-qa2.corp.apple.com,activity-servicemap-qa2.kbuse1a.shld.apple.com",
            "activity-servicemap-qa3.corp.apple.com",
            "activity-servicemap-ut-mdn.corp.apple.com",
            "activity-servicemap-ut-reno.corp.apple.com",
            "activity-servicemap-perf.corp.apple.com,activity-servicemap-perf.kbuse1a.shld.apple.com",
            "activity-servicemap-stg.corp.apple.com,activity-servicemap-stg.kbusw2a.shld.apple.com",
            "activity-servicemap-prod-mdn.corp.apple.com,activity-servicemap.corp.apple.com,deviceactivations.apple.com,ma-deviceactivations.apple.com,ma-deviceactivations.sbz.apple.com",
            "activity-servicemap-prod-reno.corp.apple.com,activity-servicemap.corp.apple.com,deviceactivations.apple.com,rn-deviceactivations.sbz.apple.com,rn-deviceactivations.apple.com"
        ]
    },
    {
        "serviceName": "cellular-data-service",
        "stateful": false,
        "image": "docker.apple.com/pes/device-services/com.apple.ds.cellular/cellular-data-service:${ ImageTag }",
        "vips": [
            "cellular-data-service-qa1.corp.apple.com,cellular-data-service-qa1.kbuse1a.shld.apple.com",
            "cellular-data-service-qa2.corp.apple.com,cellular-data-service-qa2.kbuse1a.shld.apple.com",
            "cellular-data-service-qa3.corp.apple.com,cellular-data-service-qa3.kbuse1a.shld.apple.com",
            "cellular-data-service-ut-mdn.corp.apple.com,cellular-data-service-ut-mdn.kbuse1a.shld.apple.com",
            "cellular-data-service-ut-reno.corp.apple.com,cellular-data-service-ut-reno.kbusw2a.shld.apple.com",
            "cellular-data-service-perf.corp.apple.com",
            "cellular-data-service-stg.corp.apple.com",
            "cellular-data-service-prod-mdn.corp.apple.com,cellular-data-service.corp.apple.com,cellular-data-service-prod-mdn.kbuse1a.shld.apple.com",
            "cellular-data-service-prod-reno.corp.apple.com,cellular-data-service.corp.apple.com,cellular-data-service-prod-reno.kbusw2a.shld.apple.com"
        ]
    },
    {
        "serviceName": "fondue-data-service",
        "stateful": false,
        "image": "docker.apple.com/pes/device-services/fondue/fondue-data-service:${ ImageTag }",
        "vips": [
            "fondue-data-service-qa1.corp.apple.com,fondue-data-service-qa1.kbuse1a.shld.apple.com",
            "fondue-data-service-qa2.corp.apple.com,fondue-data-service-qa2.kbuse1a.shld.apple.com",
            "fondue-data-service-qa3.corp.apple.com,fondue-data-service-qa3.kbuse1a.shld.apple.com",
            "fondue-data-service-ut-mdn.corp.apple.com,fondue-data-service-ut-mdn.kbuse1a.shld.apple.com",
            "fondue-data-service-ut-reno.corp.apple.com,fondue-data-service-ut-reno.kbusw2a.shld.apple.com",
            "fondue-data-service-perf.corp.apple.com,fondue-data-service-perf.kbuse1a.shld.apple.com",
            "fondue-data-service-stg.corp.apple.com,fondue-data-service-stg.kbusw2a.shld.apple.com",
            "fondue-data-service-prod-mdn.corp.apple.com,fondue-data-service.corp.apple.com,fondue-data-service-prod-mdn.kbuse1a.shld.apple.com",
            "fondue-data-service-prod-reno.corp.apple.com,fondue-data-service.corp.apple.com,fondue-data-service-prod-reno.kbusw2a.shld.apple.com"
        ]
    },
    {
        "serviceName": "recycle-audit-service",
        "stateful": false,
        "image": "docker.apple.com/pes/device-services/com.apple.ds.recycle/recycle-audit-service:${ ImageTag }",
        "vips": [
            "recycle-audit-service-qa1.corp.apple.com,recycle-audit-service-qa1.kbuse1a.shld.apple.com",
            "recycle-audit-service-qa2.corp.apple.com,recycle-audit-service-qa2.kbuse1a.shld.apple.com",
            "recycle-audit-service-qa3.corp.apple.com,recycle-audit-service-qa3.kbuse1a.shld.apple.com",
            "recycle-audit-service-ut-mdn.corp.apple.com,recycle-audit-service-ut-mdn.kbuse1a.shld.apple.com",
            "recycle-audit-service-ut-reno.corp.apple.com,recycle-audit-service-ut-reno.kbusw2a.shld.apple.com",
            "recycle-audit-service-perf.corp.apple.com",
            "recycle-audit-service-stg.corp.apple.com",
            "recycle-audit-service-prod-mdn.corp.apple.com,recycle-audit-service.corp.apple.com,recycle-audit-service-prod-reno.kbusw2a.shld.apple.com",
            "recycle-audit-service-prod-reno.corp.apple.com,recycle-audit-service.corp.apple.com,recycle-audit-service-prod-reno.kbusw2a.shld.apple.com"
        ]
    },
    {
        "serviceName": "tatsu-data-service",
        "stateful": false,
        "image": "docker.apple.com/pes/device-services/com.apple.ds.tatsu/tatsu-data-service:${ ImageTag }",
        "vips": [
            "tatsu-data-service-qa1.corp.apple.com,tatsu-data-service-qa1.kbuse1a.shld.apple.com",
            "tatsu-data-service-qa2.corp.apple.com,tatsu-data-service-qa2.kbuse1a.shld.apple.com",
            "tatsu-data-service-qa3.corp.apple.com,tatsu-data-service-qa3.kbuse1a.shld.apple.com",
            "tatsu-data-service-ut-mdn.corp.apple.com,tatsu-data-service-ut-reno.kbusw2a.shld.apple.com",
            "tatsu-data-service-ut-reno.corp.apple.com,tatsu-data-service-ut-mdn.kbuse1a.shld.apple.com",
            "tatsu-data-service-perf.corp.apple.com",
            "tatsu-data-service-stg.corp.apple.com",
            "tatsu-data-service-prod-mdn.corp.apple.com,tatsu-data-service.corp.apple.com,tatsu-data-service-prod-reno.kbusw2a.shld.apple.com",
            "tatsu-data-service-prod-reno.corp.apple.com,tatsu-data-service.corp.apple.com,tatsu-data-service-prod-mdn.kbuse1a.shld.apple.com"
        ]
    },
    {
        "serviceName": "recycle-data-service",
        "stateful": false,
        "image": "docker.apple.com/pes/device-services/com.apple.ds.recycle/recycle-data-service:${ ImageTag }",
        "vips": [
            "recycle-data-service-qa1.corp.apple.com,recycle-data-service-qa1.kbuse1a.shld.apple.com",
            "recycle-data-service-qa2.corp.apple.com,recycle-data-service-qa2.kbuse1a.shld.apple.com",
            "recycle-data-service-qa3.corp.apple.com,recycle-data-service-qa3.kbuse1a.shld.apple.com",
            "recycle-data-service-ut-mdn.corp.apple.com,recycle-data-service-ut-reno.kbusw2a.shld.apple.com",
            "recycle-data-service-ut-reno.corp.apple.com,recycle-data-service-ut-reno.kbusw2a.shld.apple.com",
            "recycle-data-service-perf.corp.apple.com,recycle-data-service-perf.kbuse1a.shld.apple.com",
            "recycle-data-service-stg.corp.apple.com",
            "recycle-data-service-prod-mdn.corp.apple.com,recycle-data-service.corp.apple.com,recycle-data-service-prod-reno.kbusw2a.shld.apple.com",
            "recycle-data-service-prod-reno.corp.apple.com,recycle-data-service.corp.apple.com,recycle-data-service-prod-reno.kbusw2a.shld.apple.com"
        ]
    },
    {
        "serviceName": "recycle-audit-consumer",
        "stateful": true,
        "image": "docker.apple.com/pes/device-services/com.apple.ds.recycle/recycle-audit-consumer:${ ImageTag }",
        "vips": [
            "ma-albert-qa4.mdn.apple.com,ma-albert-qa4.mdn.shld.apple.com",
            "ma-albert-qa5.mdn.apple.com,ma-albert-qa5.mdn.shld.apple.com",
            "ma-albert-mt.mdn.apple.com,ma-albert-maint.mdn.shld.apple.com",
            "ma-albert-ut.mdn.apple.com,,ma-albert-ut.mdn.shld.apple.com",
            "ma-albert-it.mdn.apple.com,ma1-albert-it2.mdn.shld.apple.com",
            "ma-albert-it2.mdn.apple.com",
            "ma-albert-stage.mdn.apple.com",
            "ma-albert-mdn.mdn.apple.com,ma-albert-prod.sbz.apple.com",
            "ma-albert-reno.apple.com,rn-albert-prod.sbz.apple.com"
        ]
    },
    {
        "serviceName": "recycle-event-producer",
        "stateful": true,
        "image": "docker.apple.com/pes/device-services/com.apple.ds.recycle/recycle-event-producer:${ ImageTag }",
        "vips": [
            "ds-haw-internal-qa4.corp.apple.com,ds-haw-internal-qa4.mdn.shld.apple.com",
            "ds-haw-internal-qa5.corp.apple.com,ds-haw-internal-qa5.mdn.shld.apple.com",
            "ds-haw-internal-mt.corp.apple.com,ds-haw-internal-mt.mdn.shld.apple.com",
            "ds-haw-internal-ut.corp.apple.com,ds-haw-internal-ut.mdn.shld.apple.com",
            "ds-haw-internal-it.corp.apple.com,ds-haw-internal-it.mdn.shld.apple.com",
            "recycle-event-producer-perf.corp.apple.com",
            "ds-haw-internal-stg.corp.apple.com",
            "ma-ds-haw-internal-prod.corp.apple.com,ds-haw-internal2.apple.com,ds-haw-internal.apple.com,recycle-event-producer.corp.apple.com,ma-ds-haw-internal-prod.mdn.shld.apple.com",
            "rn-ds-haw-internal-prod.rno.apple.com,ds-haw-internal2.apple.com,ds-haw-internal.apple.com,recycle-event-producer.corp.apple.com,rn-ds-haw-internal-prod.rno.shld.apple.com"
        ]
    },
    {
        "serviceName": "support-audit-consumer",
        "stateful": true,
        "image": "docker.apple.com/pes/device-services/com.apple.ds.support/support-audit-consumer:${ ImageTag }",
        "vips": [
            "support-audit-consumer-qa1.corp.apple.com",
            "support-audit-consumer-qa2.corp.apple.com",
            "support-audit-consumer-qa3.corp.apple.com",
            "support-audit-consumer-ut-mdn.corp.apple.com",
            "support-audit-consumer-ut-reno.corp.apple.com",
            "support-audit-consumer-perf.corp.apple.com",
            "support-audit-consumer-stg.corp.apple.com",
            "support-audit-consumer-prod-mdn.corp.apple.com",
            "support-audit-consumer-prod-reno.corp.apple.com"
        ]
    },
    {
        "serviceName": "support-event-producer",
        "stateful": true,
        "image": "docker.apple.com/pes/device-services/com.apple.ds.support/support-event-producer:${ ImageTag }",
        "vips": [
            "support-event-producer-qa1.corp.apple.com,support-event-producer-qa1.kbuse1a.shld.apple.com",
            "support-event-producer-qa2.corp.apple.com,support-event-producer-qa2.kbuse1a.shld.apple.com",
            "support-event-producer-qa3.corp.apple.com,support-event-producer-qa3.kbuse1a.shld.apple.com",
            "support-event-producer-ut-mdn.corp.apple.com,support-event-producer-ut-mdn.kbuse1a.shld.apple.com",
            "support-event-producer-ut-reno.corp.apple.com,support-event-producer-ut-reno.kbusw2a.shld.apple.com",
            "support-event-producer-perf.corp.apple.com",
            "support-event-producer-stg.corp.apple.com",
            "support-event-producer-prod-mdn.corp.apple.com,support-event-producer.corp.apple.com,support-event-producer-prod-reno.kbusw2a.shld.apple.com",
            "support-event-producer-prod-reno.corp.apple.com,support-event-producer.corp.apple.com,support-event-producer-prod-mdn.kbuse1a.shld.apple.com"
        ]
    },
    {
        "serviceName": "tatsu-audit-consumer",
        "stateful": true,
        "image": "docker.apple.com/pes/device-services/com.apple.ds.tatsu/tatsu-audit-consumer:${ ImageTag }",
        "vips": [
            "tatsu-audit-consumer-qa1.corp.apple.com",
            "tatsu-audit-consumer-qa2.corp.apple.com",
            "tatsu-audit-consumer-qa3.corp.apple.com",
            "tatsu-audit-consumer-ut-mdn.corp.apple.com",
            "tatsu-audit-consumer-ut-reno.corp.apple.com",
            "tatsu-audit-consumer-perf.corp.apple.com",
            "tatsu-audit-consumer-stg.corp.apple.com",
            "tatsu-audit-consumer-prod-mdn.corp.apple.com",
            "tatsu-audit-consumer-prod-reno.corp.apple.com"
        ]
    },
    {
        "serviceName": "tatsu-data-consumer",
        "stateful": true,
        "image": "docker.apple.com/pes/device-services/com.apple.ds.tatsu/tatsu-data-consumer:${ ImageTag }",
        "vips": [
            "tatsu-data-consumer-qa1.corp.apple.com",
            "tatsu-data-consumer-qa2.corp.apple.com",
            "tatsu-data-consumer-qa3.corp.apple.com",
            "tatsu-data-consumer-ut-mdn.corp.apple.com",
            "tatsu-data-consumer-ut-reno.corp.apple.com",
            "tatsu-data-consumer-perf.corp.apple.com",
            "tatsu-data-consumer-stg.corp.apple.com",
            "tatsu-data-consumer-prod-mdn.corp.apple.com",
            "tatsu-data-consumer-prod-reno.corp.apple.com"
        ]
    },
    {
        "serviceName": "tatsu-event-producer",
        "stateful": true,
        "image": "docker.apple.com/pes/device-services/com.apple.ds.tatsu/tatsu-event-producer:${ ImageTag }",
        "vips": [
            "ds-haw-internal-qa4.corp.apple.com,ds-haw-internal-qa4.mdn.shld.apple.com",
            "ds-haw-internal-qa5.corp.apple.com,ds-haw-internal-qa5.mdn.shld.apple.com",
            "ds-haw-internal-mt.corp.apple.com,ds-haw-internal-mt.mdn.shld.apple.com",
            "ds-haw-internal-ut.corp.apple.com,ds-haw-internal-ut.mdn.shld.apple.com",
            "ds-haw-internal-it.corp.apple.com,ds-haw-internal-it.mdn.shld.apple.com",
            "ds-haw-internal-it2.corp.apple.com,ds-haw-internal-it2.mdn.shld.apple.com,ds-haw-internal-it2.mdn.shld.apple.com",
            "ds-haw-internal-stg.corp.apple.com",
            "ma-ds-haw-internal-prod.corp.apple.com,ds-haw-internal2.apple.com,ds-haw-internal.apple.com,rn-ds-haw-internal-prod.rno.shld.apple.com,tatsu-event-producer.corp.apple.com",
            "rn-ds-haw-internal-prod.rno.apple.com,ds-haw-internal2.apple.com,ds-haw-internal.apple.com,ma-ds-haw-internal-prod.mdn.shld.apple.com,tatsu-event-producer.corp.apple.com"
        ]
    },
    {
        "serviceName": "activity-secure-repair",
        "stateful": false,
        "image": "docker.apple.com/pes/device-services/com.apple.ds.activity/activity-secure-repair:${ ImageTag }",
        "vips": [
            "activity-secure-repair-qa1.corp.apple.com",
            "activity-secure-repair-qa2.corp.apple.com",
            "activity-secure-repair-qa3.corp.apple.com",
            "activity-secure-repair-ut-mdn.corp.apple.com",
            "activity-secure-repair-ut-reno.corp.apple.com",
            "activity-secure-repair-perf.corp.apple.com",
            "activity-secure-repair-stg.corp.apple.com",
            "activity-secure-repair-prod-mdn.corp.apple.com,activity-secure-repair.corp.apple.com,activity-secure-repair-prod-mdn.kbuse1a.shld.apple.com",
            "activity-secure-repair-prod-reno.corp.apple.com,activity-secure-repair.corp.apple.com,activity-secure-repair-prod-reno.kbusw2a.shld.apple.com"
        ]
    },
    {
        "serviceName": "activity-notifications",
        "stateful": true,
        "image": "docker.apple.com/pes/device-services/com.apple.ds.activity/activity-notifications:${ ImageTag }",
        "vips": [
            "ma-albert-qa4.mdn.apple.com,albert-qa4.corp.apple.com,ma-albert-qa4.mdn.shld.apple.com",
            "ma-albert-qa5.mdn.apple.com,albert-qa5.corp.apple.com,ma-albert-qa5.mdn.shld.apple.com",
            "ma-albert-mt.mdn.apple.com,ma-albert-maint.mdn.shld.apple.com",
            "ma-albert-ut.mdn.apple.com,albert-ut.corp.apple.com,ma-albert-ut.mdn.shld.apple.com",
            "ma-albert-it.mdn.apple.com,albert-it.corp.apple.com,albert-it.mdn.shld.apple.com",
            "ma1-albert-it2.corp.apple.com,albert-it2.corp.apple.com,ma1-albert-it2.mdn.shld.apple.com",
            "ma-albert-stg.mdn.apple.com",
            "ma-ds-phx-internal.apple.com,ma-albert-prod.apple.com,ds-phx-internal.apple.com,albert.apple.com,ma-albert-prod.sbz.apple.com,ma-ds-phx-internal.shld.apple.com,activity-notifications.corp.apple.com",
            "rn-ds-phx-internal.apple.com,rn-albert-prod.apple.com,ds-phx-internal.apple.com,albert.apple.com,rn-albert-prod.sbz.apple.com,rn-ds-phx-internal.shld.apple.com,activity-notifications.corp.apple.com"
        ]
    },
    {
        "serviceName": "activity-audit-service",
        "stateful": false,
        "image": "docker.apple.com/pes/device-services/com.apple.ds.activity/activity-audit-service:${ ImageTag }",
        "vips": [
            "activity-audit-service-qa1.corp.apple.com,ds-lok-internal-qa4.mdn.shld.apple.com,ds-lok-internal-qa4.corp.apple.com,activity-audit-service-qa1.kbuse1a.shld.apple.com",
            "activity-audit-service-qa2.corp.apple.com,ds-lok-internal-qa5.mdn.shld.apple.com,ds-lok-internal-qa5.corp.apple.com,activity-audit-service-qa2.kbuse1a.shld.apple.com",
            "activity-audit-service-qa3.corp.apple.com,activity-audit-service-qa3.kbuse1a.shld.apple.com",
            "activity-audit-service-ut-mdn.corp.apple.com,ds-lok-internal-ut.mdn.shld.apple.com,ds-lok-internal-ut.corp.apple.com,activity-audit-service-uat.kbuse1a.shld.apple.com",
            "activity-audit-service-ut-reno.corp.apple.com,ds-lok-internal-it.mdn.shld.apple.com,ds-lok-internal-it.corp.apple.com,activity-audit-service-uat.kbusw2a.shld.apple.com",
            "activity-audit-service-perf.corp.apple.com",
            "activity-audit-service-stg.corp.apple.com",
            "activity-audit-service.kbuse1a.shld.apple.com,activity-audit-service.corp.apple.com,ma-ds-lok-internal.apple.com,ds-lok-internal.apple.com,activity-audit-service.corp.apple.com",
            "activity-audit-service-prod-reno.corp.apple.com,activity-audit-service.corp.apple.com,rn-ds-lok-internal.apple.com,ds-lok-internal.apple.com,activity-audit-service.corp.apple.com,activity-audit-service.kbusw2a.shld.apple.com"
        ]
    },
    {
        "serviceName": "tetheraction-external",
        "stateful": false,
        "healthcheck": "/tetheraction-external/health",
        "image": "docker.apple.com/pes/device-services/com.apple.ds.tetheraction/tetheraction-external:${ ImageTag }",
        "vips": [
            "ds-cyc-external-qa4.shld.apple.com,ds-cyc-external-qa4.apple.com,deviceservices-external-qa4.shld.apple.com,deviceservices-external-qa4.apple.com",
            "ds-cyc-external-qa5.shld.apple.com,ds-cyc-external-qa5.apple.com,deviceservices-external-qa5.shld.apple.com,deviceservices-external-qa5.apple.com",
            "ds-cyc-external-mt.shld.apple.com,ds-cyc-external-mt.apple.com,deviceservices-external-mt.shld.apple.com,deviceservices-external-mt.apple.com",
            "ds-cyc-external-ut.shld.apple.com,ds-cyc-external-ut.apple.com,deviceservices-external-ut.shld.apple.com,deviceservices-external-ut.apple.com",
            "ds-cyc-external-it.shld.apple.com,ds-cyc-external-it.apple.com,deviceservices-external-it.shld.apple.com,deviceservices-external-it.apple.com",
            "ds-cyc-external-it2.shld.apple.com,ds-cyc-external-it2.apple.com,deviceservices-external-it2.shld.apple.com,deviceservices-external-it2.apple.com",
            "ds-cyc-external-stg.shld.apple.com,ds-cyc-external-stg.apple.com,deviceservices-external-stg.shld.apple.com,deviceservices-external-stg.apple.com",
            "ma-ds-cyc-external.apple.com,ds-cyc-external.apple.com,ma-deviceservices-external.sbz.apple.com,ma-deviceservices-external.apple.com,deviceservices-external.apple.com",
            "rn-ds-cyc-external.apple.com,ds-cyc-external.apple.com,rn-deviceservices-external.sbz.apple.com,rn-deviceservices-external.apple.com,deviceservices-external.apple.com"
        ]
    },
    {
        "serviceName": "configflag-data-service",
        "stateful": false,
        "image": "docker.apple.com/pes/device-services/com.apple.ds.configflag/configflag-data-service:${ ImageTag }",
        "vips": [
            "configflag-data-service-qa1.corp.apple.com,ds-rav-internal-qa4.mdn.shld.apple.com,ds-rav-internal-it.corp.apple.com",
            "configflag-data-service-qa2.corp.apple.com,ds-rav-internal-qa5.mdn.shld.apple.com,ds-rav-internal-qa5.corp.apple.com",
            "configflag-data-service-qa3.corp.apple.com,ds-rav-internal-maint.mdn.shld.apple.com,ds-rav-internal-maint.corp.apple.com",
            "configflag-data-service-ut-mdn.corp.apple.com,ds-rav-internal-ut.mdn.shld.apple.com,ds-rav-internal-ut.corp.apple.com",
            "configflag-data-service-ut-reno.corp.apple.com,ds-rav-internal-it.mdn.shld.apple.com,ds-rav-internal-it.corp.apple.com",
            "configflag-data-service-perf.corp.apple.com,ds-rav-internal-it2.mdn.shld.apple.com,ds-rav-internal-it2.corp.apple.com",
            "configflag-data-service-stg.corp.apple.com",
            "configflag-data-service-prod-mdn.corp.apple.com,configflag-data-service.corp.apple.com,ma-ds-rav-internal.mdn.shld.apple.com,ds-rav-internal.apple.com",
            "configflag-data-service-prod-reno.corp.apple.com,configflag-data-service.corp.apple.com,rn-ds-rav-internal.rno.shld.apple.com,ds-rav-internal.apple.com"
        ]
    },
    {
        "serviceName": "support-a3-gateway",
        "stateful": false,
        "image": "docker.apple.com/pes/device-services/com.apple.ds.support/support-a3-gateway:${ ImageTag }",
        "vips": [
            "support-a3-gateway-qa1.corp.apple.com,support-a3-gateway-qa1.kbuse1a.shld.apple.com",
            "support-a3-gateway-qa2.corp.apple.com,support-a3-gateway-qa2.kbuse1a.shld.apple.com",
            "support-a3-gateway-qa3.corp.apple.com,support-a3-gateway-qa3.kbuse1a.shld.apple.com",
            "support-a3-gateway-ut-mdn.corp.apple.com,support-a3-gateway-uat.kbuse1a.shld.apple.com",
            "support-a3-gateway-ut-reno.corp.apple.com,support-a3-gateway-uat.kbusw2a.shld.apple.com",
            "support-a3-gateway-perf.corp.apple.com,support-a3-gateway-it2.kbuse1a.shld.apple.com",
            "support-a3-gateway-stg.corp.apple.com",
            "support-a3-gateway-prod-mdn.corp.apple.com,support-a3-gateway.corp.apple.com,support-a3-gateway-prod-reno.kbusw2a.shld.apple.com",
            "support-a3-gateway-prod-reno.corp.apple.com,support-a3-gateway.corp.apple.com,support-a3-gateway-prod-mdn.kbuse1a.shld.apple.com"
        ]
    },
    {
        "serviceName": "shipment-data-service",
        "stateful": false,
        "image": "docker.apple.com/pes/device-services/com.apple.ds.support/support-a3-gateway:${ ImageTag }",
        "vips": [
            "shipment-data-service-qa1.corp.apple.com,shipment-dataservice-qa4.mdn.shld.apple.com,shipment-dataservice-qa4.mdn.apple.com",
            "shipment-data-service-qa2.corp.apple.com",
            "shipment-data-service-qa3.corp.apple.com",
            "shipment-data-service-ut-mdn.corp.apple.com,shipment-dataservice-ut.mdn.shld.apple.com,shipment-dataservice-ut.mdn.apple.com",
            "shipment-data-service-ut-reno.corp.apple.com,shipment-dataservice-it.mdn.shld.apple.com,shipment-dataservice-it.corp.apple.com",
            "shipment-data-service-perf.corp.apple.com",
            "shipment-data-service-stg.corp.apple.com",
            "shipment-data-service-prod-mdn.corp.apple.com,shipment-data-service.corp.apple.com,ma-shipment-dataservice-prod.mdn.shld.apple.com",
            "shipment-data-service-prod-reno.corp.apple.com,shipment-data-service.corp.apple.com,rn-shipment-dataservice-prod.rno.shld.apple.com"
        ]
    },
    {
        "serviceName": "denial-audit-consumer",
        "stateful": true,
        "image": "docker.apple.com/pes/device-services/com.apple.ds.denial/denial-audit-consumer:${ ImageTag }",
        "vips": [
            "denial-audit-consumer-qa1.corp.apple.com",
            "denial-audit-consumer-qa2.corp.apple.com",
            "denial-audit-consumer-qa3.corp.apple.com",
            "denial-audit-consumer-ut-mdn.corp.apple.com",
            "denial-audit-consumer-ut-reno.corp.apple.com",
            "denial-audit-consumer-perf.corp.apple.com",
            "denial-audit-consumer-stg.corp.apple.com",
            "denial-audit-consumer-prod-mdn.corp.apple.com,denial-audit-consumer.corp.apple.com",
            "denial-audit-consumer-prod-reno.corp.apple.com,denial-audit-consumer.corp.apple.com"
        ]
    },
    {
        "serviceName": "denial-data-consumer",
        "stateful": true,
        "image": "docker.apple.com/pes/device-services/com.apple.ds.denial/denial-data-consumer:${ ImageTag }",
        "vips": [
            "denial-data-consumer-qa1.corp.apple.com",
            "denial-data-consumer-qa2.corp.apple.com",
            "denial-data-consumer-qa3.corp.apple.com",
            "denial-data-consumer-ut-mdn.corp.apple.com",
            "denial-data-consumer-ut-reno.corp.apple.com",
            "denial-data-consumer-perf.corp.apple.com",
            "denial-data-consumer-stg.corp.apple.com",
            "denial-data-consumer-prod-mdn.corp.apple.com,denial-data-consumer.corp.apple.com",
            "denial-data-consumer-prod-reno.corp.apple.com,denial-data-consumer.corp.apple.com"
        ]
    },
    {
        "serviceName": "denial-data-service",
        "stateful": false,
        "image": "docker.apple.com/pes/device-services/com.apple.ds.denial/denial-data-service:${ ImageTag }",
        "vips": [
            "denial-data-service-qa1.corp.apple.com",
            "denial-data-service-qa2.corp.apple.com",
            "denial-data-service-qa3.corp.apple.com",
            "denial-data-service-ut-mdn.corp.apple.com",
            "denial-data-service-ut-reno.corp.apple.com",
            "denial-data-service-perf.corp.apple.com",
            "denial-data-service-stg.corp.apple.com",
            "denial-data-service-prod-mdn.corp.apple.com,denial-data-service.corp.apple.com",
            "denial-data-service-prod-reno.corp.apple.com,denial-data-service.corp.apple.com"
        ]
    },
    {
        "serviceName": "denial-event-producer",
        "stateful": true,
        "image": "docker.apple.com/pes/device-services/com.apple.ds.denial/denial-event-producer:${ ImageTag }",
        "vips": [
            "denial-event-producer-qa1.corp.apple.com",
            "denial-event-producer-qa2.corp.apple.com",
            "denial-event-producer-qa3.corp.apple.com",
            "denial-event-producer-ut-mdn.corp.apple.com",
            "denial-event-producer-ut-reno.corp.apple.com",
            "denial-event-producer-perf.corp.apple.com",
            "denial-event-producer-stg.corp.apple.com",
            "denial-event-producer-prod-mdn.corp.apple.com,denial-event-producer.corp.apple.com",
            "denial-event-producer-prod-reno.corp.apple.com,denial-event-producer.corp.apple.com"
        ]
    },
    {
        "serviceName": "tetheraction-data-consumer",
        "stateful": true,
        "image": "docker.apple.com/pes/device-services/com.apple.ds.tetheraction/tetheraction-data-consumer:${ ImageTag }",
        "vips": [
            "tetheraction-data-consumer-qa1.corp.apple.com",
            "tetheraction-data-consumer-qa2.corp.apple.com",
            "tetheraction-data-consumer-qa3.corp.apple.com",
            "tetheraction-data-consumer-ut-mdn.corp.apple.com",
            "tetheraction-data-consumer-ut-reno.corp.apple.com",
            "tetheraction-data-consumer-perf.corp.apple.com",
            "tetheraction-data-consumer-stg.corp.apple.com",
            "tetheraction-data-consumer-prod-mdn.corp.apple.com",
            "tetheraction-data-consumer-prod-reno.corp.apple.com"
        ]
    },
    {
        "serviceName": "device-data-service",
        "stateful": false,
        "healthcheck": "/health",
        "image": "docker.apple.com/pes/device-services/com.apple.ds.device/device-data-service:${ ImageTag }",
        "vips": [
            "support-a3-gateway-qa1.corp.apple.com,support-a3-gateway-qa1.kbuse1a.shld.apple.com",
            "support-a3-gateway-qa2.corp.apple.com,support-a3-gateway-qa2.kbuse1a.shld.apple.com",
            "support-a3-gateway-qa3.corp.apple.com,support-a3-gateway-qa3.kbuse1a.shld.apple.com",
            "support-a3-gateway-ut-mdn.corp.apple.com,support-a3-gateway-uat.kbuse1a.shld.apple.com",
            "support-a3-gateway-ut-reno.corp.apple.com,support-a3-gateway-uat.kbusw2a.shld.apple.com",
            "support-a3-gateway-perf.corp.apple.com,support-a3-gateway-it2.kbuse1a.shld.apple.com",
            "support-a3-gateway-stg.corp.apple.com",
            "support-a3-gateway-prod-mdn.corp.apple.com,support-a3-gateway.corp.apple.com,support-a3-gateway-prod-reno.kbusw2a.shld.apple.com",
            "support-a3-gateway-prod-reno.corp.apple.com,support-a3-gateway.corp.apple.com,support-a3-gateway-prod-mdn.kbuse1a.shld.apple.com"
        ]
    },
    {
        "serviceName": "shipment-data-service",
        "stateful": false,
        "healthcheck": "/health",
        "image": "docker.apple.com/pes/device-services/com.apple.ds.shipment/shipment-data-service:${ ImageTag }",
        "vips": [
            "",
            "",
            "",
            "",
            "",
            "",
            "",
            "",
            ""
        ]
    }
]