{"rabbit_version":"3.5.7","users":[{"name":"dev_readonly","password_hash":"peGGgSj9h7t09+HDfmvy16crogY=","tags":"monitoring"},{"name":"show-user","password_hash":"vwq5wj6lZqi6pp7z07t9xWHh9Mg=","tags":"monitoring"},{"name":"staging","password_hash":"ncZ6wp2aXv3W5z4Pnu+jmvOv+5k=","tags":""},{"name":"Admin2","password_hash":"UbvjXPiJVsWd4+xbwJmgY4fOKAc=","tags":"administrator"},{"name":"nwk-prod-iossystems","password_hash":"E4S9szWhvc8OVxVpxXJDnWicjG8=","tags":""},{"name":"alex","password_hash":"uQieNLWo5BCPSeXEkor1XMRcwn8=","tags":"monitoring"},{"name":"staging-user","password_hash":"RPZtHc6tqZ4ubzFUcKaXL2qkw4g=","tags":""},{"name":"asa-push-service","password_hash":"33QRm8h504+AhbzNbmYQn39niPg=","tags":""},{"name":"icloud","password_hash":"Go/gzDn2OFC2CZ4QXUPj5l0BYHo=","tags":""},{"name":"clark_mueller","password_hash":"2zoA6Z7bWKT+i9rllm2TguPkvl0=","tags":"administrator"},{"name":"testuser","password_hash":"U3/vCwylMw8ytLSzRFy2OBO5l0g=","tags":""},{"name":"jmet-user","password_hash":"pN6u39QxlYMplyoC/NgpeLorh+E=","tags":""},{"name":"geldof","password_hash":"XW31BTSckfzmd5GBlke1wC8EUy4=","tags":"MobileApps"},{"name":"admin","password_hash":"muxAeYwsiI/xUEgh9Dx8FKlzwp4=","tags":"administrator"},{"name":"pod3","password_hash":"1ygNSeu6Z5Gsgz/cuczlViNJzGg=","tags":""},{"name":"guest","password_hash":"07jPY7SPne4SOHrrbmYdi72PMck=","tags":"administrator"},{"name":"show_user","password_hash":"wkK+c4JXftP30FhT00iYMhQPCEA=","tags":"monitoring"},{"name":"sequoia-stg-user","password_hash":"NN7aiodskhP2SD5Up/R72WfQkww=","tags":"Admin"},{"name":"geldof-monitor","password_hash":"96fJdbRRgKW5wh1jFNMC3c2bSGo=","tags":"monitoring"},{"name":"vinyl-stg-user","password_hash":"d9+r2bWRJRNZWzi+YhGXPY+RGXM=","tags":"Admin"},{"name":"keystone-user","password_hash":"guno8YfaSDiNLp9d/QajjObEghI=","tags":""},{"name":"shovel-user","password_hash":"3Lq9B8rbIvd0Col+ZSHvEZPGJVU=","tags":""}],"vhosts":[{"name":"NWK-PROD-IOSSYSTEMS"},{"name":"/"}],"permissions":[{"user":"shovel-user","vhost":"NWK-PROD-IOSSYSTEMS","configure":".*","write":".*","read":".*"},{"user":"dev_readonly","vhost":"NWK-PROD-IOSSYSTEMS","configure":"","write":"","read":".*"},{"user":"clark_mueller","vhost":"/","configure":".*","write":".*","read":".*"},{"user":"guest","vhost":"/","configure":".*","write":".*","read":".*"},{"user":"Admin2","vhost":"NWK-PROD-IOSSYSTEMS","configure":".*","write":".*","read":".*"},{"user":"admin","vhost":"/","configure":".*","write":".*","read":".*"},{"user":"icloud","vhost":"NWK-PROD-IOSSYSTEMS","configure":".*","write":".*","read":".*"},{"user":"show_user","vhost":"NWK-PROD-IOSSYSTEMS","configure":"","write":"","read":".*"},{"user":"show_user","vhost":"/","configure":"","write":"","read":".*"},{"user":"admin","vhost":"NWK-PROD-IOSSYSTEMS","configure":".*","write":".*","read":".*"},{"user":"geldof-monitor","vhost":"/","configure":".*","write":".*","read":".*"},{"user":"show-user","vhost":"/","configure":".*","write":".*","read":".*"},{"user":"clark_mueller","vhost":"NWK-PROD-IOSSYSTEMS","configure":".*","write":".*","read":".*"},{"user":"jmet-user","vhost":"NWK-PROD-IOSSYSTEMS","configure":".*","write":"^DeviceServices$","read":"^DeviceServices$"},{"user":"Admin2","vhost":"/","configure":"Admin2-.*","write":".*","read":".*"},{"user":"alex","vhost":"NWK-PROD-IOSSYSTEMS","configure":"","write":"","read":".*"},{"user":"nwk-prod-iossystems","vhost":"NWK-PROD-IOSSYSTEMS","configure":".*","write":".*","read":".*"}],"parameters":[],"policies":[{"vhost":"NWK-PROD-IOSSYSTEMS","name":"ha-sync-prod1","pattern":".*","apply-to":"all","definition":{"ha-mode":"all","ha-sync-mode":"automatic"},"priority":1}],"queues":[{"name":"DeviceServices.DeviceOverride.SetActiveStatus.DLQ","vhost":"NWK-PROD-IOSSYSTEMS","durable":true,"auto_delete":false,"arguments":{}},{"name":"DeviceServices.Hydra.Proc.v2","vhost":"NWK-PROD-IOSSYSTEMS","durable":true,"auto_delete":false,"arguments":{}},{"name":"DeviceServices.AuthEntity.Token.Bulk.Vend.Generate","vhost":"NWK-PROD-IOSSYSTEMS","durable":true,"auto_delete":false,"arguments":{}},{"name":"DeviceServices.EDS.DLQ","vhost":"NWK-PROD-IOSSYSTEMS","durable":true,"auto_delete":false,"arguments":{}},{"name":"DeviceServices.IPodUnbrickLog.Insert","vhost":"NWK-PROD-IOSSYSTEMS","durable":true,"auto_delete":false,"arguments":{}},{"name":"DeviceServices.Hydra.Ldr","vhost":"NWK-PROD-IOSSYSTEMS","durable":true,"auto_delete":false,"arguments":{}},{"name":"DeviceServices.UBProcessingLog.Unbrick.Insert.DLQ","vhost":"NWK-PROD-IOSSYSTEMS","durable":true,"auto_delete":false,"arguments":{}},{"name":"DeviceServices.IPodUnbrickInfoProcessing.TetherAction.Callback","vhost":"NWK-PROD-IOSSYSTEMS","durable":true,"auto_delete":false,"arguments":{}},{"name":"DeviceServices.Phobos.C11.DLQ","vhost":"NWK-PROD-IOSSYSTEMS","durable":true,"auto_delete":false,"arguments":{}},{"name":"DeviceServices.D32.V2","vhost":"NWK-PROD-IOSSYSTEMS","durable":true,"auto_delete":false,"arguments":{}},{"name":"DeviceServices.UBProcessingLog.RegistrationInfo","vhost":"NWK-PROD-IOSSYSTEMS","durable":true,"auto_delete":false,"arguments":{}},{"name":"DeviceServices.DeviceOverride.SetIndividualActiveStatus","vhost":"NWK-PROD-IOSSYSTEMS","durable":true,"auto_delete":false,"arguments":{}},{"name":"DeviceServices.AuthEntity.Certificate.Register.IDs.DLQ","vhost":"NWK-PROD-IOSSYSTEMS","durable":true,"auto_delete":false,"arguments":{}},{"name":"DeviceServices.AuthEntity.Token.Legacy.Destroy.IDs.DLQ","vhost":"NWK-PROD-IOSSYSTEMS","durable":true,"auto_delete":false,"arguments":{}},{"name":"DeviceServices.UBProcessingLog.ActivityInfo.Activation","vhost":"NWK-PROD-IOSSYSTEMS","durable":true,"auto_delete":false,"arguments":{}},{"name":"DeviceServices.DS.SAPServices.AOSM68","vhost":"NWK-PROD-IOSSYSTEMS","durable":true,"auto_delete":false,"arguments":{}},{"name":"DeviceServices.DeviceUnbrickInfoProcessing.TetherAction.Set.DLQ","vhost":"NWK-PROD-IOSSYSTEMS","durable":true,"auto_delete":false,"arguments":{}},{"name":"DeviceServices.AuthEntity.Token.V2.Revoke.All","vhost":"NWK-PROD-IOSSYSTEMS","durable":true,"auto_delete":false,"arguments":{}},{"name":"DeviceServices.AuthEntity.Certificate.Destroy.IDs","vhost":"NWK-PROD-IOSSYSTEMS","durable":true,"auto_delete":false,"arguments":{}},{"name":"DS.SAPServices.AOSM68","vhost":"NWK-PROD-IOSSYSTEMS","durable":true,"auto_delete":false,"arguments":{}},{"name":"DeviceServices.IPodUnbrickProcessingLog.DLQ","vhost":"NWK-PROD-IOSSYSTEMS","durable":true,"auto_delete":false,"arguments":{}},{"name":"DeviceServices.TatsuLoader.V2","vhost":"NWK-PROD-IOSSYSTEMS","durable":true,"auto_delete":false,"arguments":{}},{"name":"DeviceServices.UnbrickLog.Downstream","vhost":"NWK-PROD-IOSSYSTEMS","durable":true,"auto_delete":false,"arguments":{}},{"name":"DeviceServices.Phobos.C3.DLQ","vhost":"NWK-PROD-IOSSYSTEMS","durable":true,"auto_delete":false,"arguments":{}},{"name":"DeviceServices.AuthEntity.Certificate.Revoke.All","vhost":"NWK-PROD-IOSSYSTEMS","durable":true,"auto_delete":false,"arguments":{}},{"name":"SAPServices.Cancellation.DLQ","vhost":"NWK-PROD-IOSSYSTEMS","durable":true,"auto_delete":false,"arguments":{}},{"name":"iOSSystems.Queue.Keystone.Xfer","vhost":"NWK-PROD-IOSSYSTEMS","durable":true,"auto_delete":false,"arguments":{}},{"name":"DeviceServices.TatsuProcessing.V2.DLQ","vhost":"NWK-PROD-IOSSYSTEMS","durable":true,"auto_delete":false,"arguments":{}},{"name":"DeviceServices.IPodUnbrickInfoProcessing.TetherAction.Callback.DLQ","vhost":"NWK-PROD-IOSSYSTEMS","durable":true,"auto_delete":false,"arguments":{}},{"name":"DeviceServices.Scheduled.CypICCIDBatch","vhost":"NWK-PROD-IOSSYSTEMS","durable":true,"auto_delete":false,"arguments":{"x-message-ttl":3600000,"x-dead-letter-exchange":"DeviceServices"}},{"name":"DeviceServices.UBProcessingLog.Skip.DLQ","vhost":"NWK-PROD-IOSSYSTEMS","durable":true,"auto_delete":false,"arguments":{}},{"name":"DeviceServices.AuthEntity.Token.Legacy.Revoke.IDs","vhost":"NWK-PROD-IOSSYSTEMS","durable":true,"auto_delete":false,"arguments":{}},{"name":"SAPServices.Ship.DLQ","vhost":"NWK-PROD-IOSSYSTEMS","durable":true,"auto_delete":false,"arguments":{}},{"name":"DeviceServices.DeviceOverride.Create","vhost":"NWK-PROD-IOSSYSTEMS","durable":true,"auto_delete":false,"arguments":{}},{"name":"DeviceServices.IPodUnbrickInfoProcessing.TetherAction.Callback.Temp","vhost":"NWK-PROD-IOSSYSTEMS","durable":true,"auto_delete":false,"arguments":{}},{"name":"DeviceServices.TatsuLoader.V2.DLQ","vhost":"NWK-PROD-IOSSYSTEMS","durable":true,"auto_delete":false,"arguments":{}},{"name":"Deviceservices.Manufacturing.Provisioning.Engineering","vhost":"NWK-PROD-IOSSYSTEMS","durable":true,"auto_delete":false,"arguments":{}},{"name":"DeviceServices.AuthEntity.Revoke","vhost":"NWK-PROD-IOSSYSTEMS","durable":true,"auto_delete":false,"arguments":{}},{"name":"DeviceServices.DeviceUnbrickStrategy","vhost":"NWK-PROD-IOSSYSTEMS","durable":true,"auto_delete":false,"arguments":{}},{"name":"DeviceServices.Ambrosia.Esign.UserAdd.DLQ","vhost":"NWK-PROD-IOSSYSTEMS","durable":true,"auto_delete":false,"arguments":{}},{"name":"DeviceServices.UBProcessingLog.DLQ","vhost":"NWK-PROD-IOSSYSTEMS","durable":true,"auto_delete":false,"arguments":{}},{"name":"DeviceServices.AuthEntity.Revoke.DLQ","vhost":"NWK-PROD-IOSSYSTEMS","durable":true,"auto_delete":false,"arguments":{}},{"name":"DeviceServices.M68Processing.Interim.DLQ","vhost":"NWK-PROD-IOSSYSTEMS","durable":true,"auto_delete":false,"arguments":{}},{"name":"DeviceServices.EDI140","vhost":"NWK-PROD-IOSSYSTEMS","durable":true,"auto_delete":false,"arguments":{}},{"name":"DeviceServices.AuthEntity.Destroy.DLQ","vhost":"NWK-PROD-IOSSYSTEMS","durable":true,"auto_delete":false,"arguments":{}},{"name":"DeviceServices.AuthEntity.Token.Legacy.Destroy.All","vhost":"NWK-PROD-IOSSYSTEMS","durable":true,"auto_delete":false,"arguments":{}},{"name":"DeviceServices.Phobos.C5.DLQ","vhost":"NWK-PROD-IOSSYSTEMS","durable":true,"auto_delete":false,"arguments":{}},{"name":"DeviceServices.Manufacturing.Provisioning.Its.DLQ","vhost":"NWK-PROD-IOSSYSTEMS","durable":true,"auto_delete":false,"arguments":{}},{"name":"DeviceServices.IPodUnbrickStrategy","vhost":"NWK-PROD-IOSSYSTEMS","durable":true,"auto_delete":false,"arguments":{}},{"name":"SAPServices.Ship","vhost":"NWK-PROD-IOSSYSTEMS","durable":true,"auto_delete":false,"arguments":{}},{"name":"CarrierServices.AccountLookupReportingEvent","vhost":"NWK-PROD-IOSSYSTEMS","durable":true,"auto_delete":false,"arguments":{"x-message-ttl":600000}},{"name":"DeviceServices.ManufacturingProcessing.DLQ","vhost":"NWK-PROD-IOSSYSTEMS","durable":true,"auto_delete":false,"arguments":{}},{"name":"DeviceServices.Phobos.C7.DLQ","vhost":"NWK-PROD-IOSSYSTEMS","durable":true,"auto_delete":false,"arguments":{}},{"name":"DeviceServices.AuthEntity.Register","vhost":"NWK-PROD-IOSSYSTEMS","durable":true,"auto_delete":false,"arguments":{}},{"name":"DeviceServices.Numeros.Proc.DLQ","vhost":"NWK-PROD-IOSSYSTEMS","durable":true,"auto_delete":false,"arguments":{}},{"name":"DeviceServices.Phobos.C9","vhost":"NWK-PROD-IOSSYSTEMS","durable":true,"auto_delete":false,"arguments":{}},{"name":"DeviceServices.Phobos.C6.DLQ","vhost":"NWK-PROD-IOSSYSTEMS","durable":true,"auto_delete":false,"arguments":{}},{"name":"SAPServices.Cancellation","vhost":"NWK-PROD-IOSSYSTEMS","durable":true,"auto_delete":false,"arguments":{}},{"name":"DeviceServices.AuthEntity.Token.V2.First.Activation.DLQ","vhost":"NWK-PROD-IOSSYSTEMS","durable":true,"auto_delete":false,"arguments":{}},{"name":"DeviceServices.DeviceExport","vhost":"NWK-PROD-IOSSYSTEMS","durable":true,"auto_delete":false,"arguments":{}},{"name":"DeviceServices.AuthEntity.Token.V2.Destroy.All.DLQ","vhost":"NWK-PROD-IOSSYSTEMS","durable":true,"auto_delete":false,"arguments":{}},{"name":"DeviceServices.Hydra.Ldr.DLQ","vhost":"NWK-PROD-IOSSYSTEMS","durable":true,"auto_delete":false,"arguments":{}},{"name":"DeviceServices.D32R.DLQ","vhost":"NWK-PROD-IOSSYSTEMS","durable":true,"auto_delete":false,"arguments":{}},{"name":"DeviceServices.UBProcessingLog.Unbrick.DLQ","vhost":"NWK-PROD-IOSSYSTEMS","durable":true,"auto_delete":false,"arguments":{}},{"name":"SAPServices.OrderStatus","vhost":"NWK-PROD-IOSSYSTEMS","durable":true,"auto_delete":false,"arguments":{}},{"name":"DeviceServices.D32P.V2.DLQ","vhost":"NWK-PROD-IOSSYSTEMS","durable":true,"auto_delete":false,"arguments":{}},{"name":"DeviceServices.TreeckoFeed","vhost":"NWK-PROD-IOSSYSTEMS","durable":true,"auto_delete":false,"arguments":{}},{"name":"DeviceServices.SuperSearch.DLQ","vhost":"NWK-PROD-IOSSYSTEMS","durable":true,"auto_delete":false,"arguments":{}},{"name":"DeviceServices.UnbrickLogIpod.Downstream.DLQ","vhost":"NWK-PROD-IOSSYSTEMS","durable":true,"auto_delete":false,"arguments":{}},{"name":"DeviceServices.AuthEntity.Token.Legacy.First.Activation.DLQ","vhost":"NWK-PROD-IOSSYSTEMS","durable":true,"auto_delete":false,"arguments":{}},{"name":"DeviceServices.MacOSUnbrickStrategy.DLQ","vhost":"NWK-PROD-IOSSYSTEMS","durable":true,"auto_delete":false,"arguments":{}},{"name":"DeviceServices.AuthEntity.Certificate.Bulk.Vend.Upload.DLQ","vhost":"NWK-PROD-IOSSYSTEMS","durable":true,"auto_delete":false,"arguments":{}},{"name":"DeviceServices.DeviceUnbrickInfoProcessing.TetherAction.Transfer.DLQ","vhost":"NWK-PROD-IOSSYSTEMS","durable":true,"auto_delete":false,"arguments":{}},{"name":"DeviceServices.IPodUnbrickProcessingLog","vhost":"NWK-PROD-IOSSYSTEMS","durable":true,"auto_delete":false,"arguments":{}},{"name":"DeviceServices.Phobos.C12.DLQ","vhost":"NWK-PROD-IOSSYSTEMS","durable":true,"auto_delete":false,"arguments":{}},{"name":"DeviceServices.AuthEntity.Token.V2.Bulk.Vend.Upload","vhost":"NWK-PROD-IOSSYSTEMS","durable":true,"auto_delete":false,"arguments":{}},{"name":"DeviceServices.AuthEntity.Token.V2.Destroy.IDs","vhost":"NWK-PROD-IOSSYSTEMS","durable":true,"auto_delete":false,"arguments":{}},{"name":"DeviceServices.AuthEntity.Certificate.Bulk.Vend.Generate.DLQ","vhost":"NWK-PROD-IOSSYSTEMS","durable":true,"auto_delete":false,"arguments":{}},{"name":"DeviceServices.TatsuProcessing.M3","vhost":"NWK-PROD-IOSSYSTEMS","durable":true,"auto_delete":false,"arguments":{}},{"name":"DeviceServices.AuthEntity.Token.Legacy.Register.IDs","vhost":"NWK-PROD-IOSSYSTEMS","durable":true,"auto_delete":false,"arguments":{}},{"name":"DeviceServices.EDI143","vhost":"NWK-PROD-IOSSYSTEMS","durable":true,"auto_delete":false,"arguments":{}},{"name":"DeviceServices.D32R","vhost":"NWK-PROD-IOSSYSTEMS","durable":true,"auto_delete":false,"arguments":{}},{"name":"DeviceServices.G02Replacement.DLQ","vhost":"NWK-PROD-IOSSYSTEMS","durable":true,"auto_delete":false,"arguments":{}},{"name":"DeviceServices.UBMacosLog.Unbrick","vhost":"NWK-PROD-IOSSYSTEMS","durable":true,"auto_delete":false,"arguments":{}},{"name":"DeviceServices.Phobos.C2","vhost":"NWK-PROD-IOSSYSTEMS","durable":true,"auto_delete":false,"arguments":{}},{"name":"DeviceServices.Numeros.Ldr.DLQ","vhost":"NWK-PROD-IOSSYSTEMS","durable":true,"auto_delete":false,"arguments":{}},{"name":"DeviceServices.Phobos.C8","vhost":"NWK-PROD-IOSSYSTEMS","durable":true,"auto_delete":false,"arguments":{}},{"name":"DeviceServices.AuthEntity.First.Activation","vhost":"NWK-PROD-IOSSYSTEMS","durable":true,"auto_delete":false,"arguments":{}},{"name":"DeviceServices.Numeros.Ldr","vhost":"NWK-PROD-IOSSYSTEMS","durable":true,"auto_delete":false,"arguments":{}},{"name":"DeviceServices.UBProcessingLog.phoneNumberSimNotification.DLQ","vhost":"NWK-PROD-IOSSYSTEMS","durable":true,"auto_delete":false,"arguments":{}},{"name":"DeviceServices.Phobos.C5","vhost":"NWK-PROD-IOSSYSTEMS","durable":true,"auto_delete":false,"arguments":{}},{"name":"DeviceServices.Phobos.C9.DLQ","vhost":"NWK-PROD-IOSSYSTEMS","durable":true,"auto_delete":false,"arguments":{}},{"name":"DeviceServices.Scheduled.5min.UnbrickLog.Unbrick","vhost":"NWK-PROD-IOSSYSTEMS","durable":true,"auto_delete":false,"arguments":{"x-message-ttl":300000,"x-dead-letter-exchange":"DeviceServices"}},{"name":"DeviceServices.AuthEntity.Token.V2.Destroy.IDs.DLQ","vhost":"NWK-PROD-IOSSYSTEMS","durable":true,"auto_delete":false,"arguments":{}},{"name":"DeviceServices.Phobos.C4.DLQ","vhost":"NWK-PROD-IOSSYSTEMS","durable":true,"auto_delete":false,"arguments":{}},{"name":"DeviceServices.UnbrickLogIpod.Downstream","vhost":"NWK-PROD-IOSSYSTEMS","durable":true,"auto_delete":false,"arguments":{}},{"name":"DeviceServices.AuthEntity.Certificate.Register.IDs","vhost":"NWK-PROD-IOSSYSTEMS","durable":true,"auto_delete":false,"arguments":{}},{"name":"DeviceServices.Ambrosia.Esign.UserAdd","vhost":"NWK-PROD-IOSSYSTEMS","durable":true,"auto_delete":false,"arguments":{}},{"name":"DeviceServices.Phobos.C4","vhost":"NWK-PROD-IOSSYSTEMS","durable":true,"auto_delete":false,"arguments":{}},{"name":"DeviceServices.UBMacosLog.Unbrick.DLQ","vhost":"NWK-PROD-IOSSYSTEMS","durable":true,"auto_delete":false,"arguments":{}},{"name":"DeviceServices.Manufacturing.Provisioning.Its","vhost":"NWK-PROD-IOSSYSTEMS","durable":true,"auto_delete":false,"arguments":{}},{"name":"DeviceServices.Hydra.Proc.DLQ","vhost":"NWK-PROD-IOSSYSTEMS","durable":true,"auto_delete":false,"arguments":{}},{"name":"DeviceServices.DeviceUnbrickInfoProcessing.TetherAction.Callback","vhost":"NWK-PROD-IOSSYSTEMS","durable":true,"auto_delete":false,"arguments":{}},{"name":"DeviceServices.IPodUnbrickStrategy.DLQ","vhost":"NWK-PROD-IOSSYSTEMS","durable":true,"auto_delete":false,"arguments":{}},{"name":"DeviceServices.ManufacturingProcessing","vhost":"NWK-PROD-IOSSYSTEMS","durable":true,"auto_delete":false,"arguments":{}},{"name":"DeviceServices.DeviceExport.DLQ","vhost":"NWK-PROD-IOSSYSTEMS","durable":true,"auto_delete":false,"arguments":{}},{"name":"DeviceServices.AuthEntity.Certificate.Revoke.IDs.DLQ","vhost":"NWK-PROD-IOSSYSTEMS","durable":true,"auto_delete":false,"arguments":{}},{"name":"DeviceServices.ZX9Replacement","vhost":"NWK-PROD-IOSSYSTEMS","durable":true,"auto_delete":false,"arguments":{}},{"name":"DeviceServices.Ambrosia.Esign.StatusUpdate","vhost":"NWK-PROD-IOSSYSTEMS","durable":true,"auto_delete":false,"arguments":{}},{"name":"DeviceServices.Phobos.C2.DLQ","vhost":"NWK-PROD-IOSSYSTEMS","durable":true,"auto_delete":false,"arguments":{}},{"name":"DeviceServices.EDI143.DLQ","vhost":"NWK-PROD-IOSSYSTEMS","durable":true,"auto_delete":false,"arguments":{}},{"name":"DeviceServices.Ambrosia.Esign.UserRemove.DLQ","vhost":"NWK-PROD-IOSSYSTEMS","durable":true,"auto_delete":false,"arguments":{}},{"name":"DeviceServices.AuthEntity.Token.V2.Revoke.IDs","vhost":"NWK-PROD-IOSSYSTEMS","durable":true,"auto_delete":false,"arguments":{}},{"name":"DeviceServices.SuperSearch","vhost":"NWK-PROD-IOSSYSTEMS","durable":true,"auto_delete":false,"arguments":{}},{"name":"DeviceServices.UnbrickLog.Downstream.DLQ","vhost":"NWK-PROD-IOSSYSTEMS","durable":true,"auto_delete":false,"arguments":{}},{"name":"DeviceServices.AuthEntity.Certificate.Destroy.All.DLQ","vhost":"NWK-PROD-IOSSYSTEMS","durable":true,"auto_delete":false,"arguments":{}},{"name":"SAPServices.OrderStatus.DLQ","vhost":"NWK-PROD-IOSSYSTEMS","durable":true,"auto_delete":false,"arguments":{}},{"name":"DeviceServices.FmipLockStatus.Audit","vhost":"NWK-PROD-IOSSYSTEMS","durable":true,"auto_delete":false,"arguments":{}},{"name":"DeviceServices.AuthEntity.Certificate.Revoke.IDs","vhost":"NWK-PROD-IOSSYSTEMS","durable":true,"auto_delete":false,"arguments":{}},{"name":"DeviceServices.EmailNotification.DLQ","vhost":"NWK-PROD-IOSSYSTEMS","durable":true,"auto_delete":false,"arguments":{}},{"name":"DeviceServices.Ambrosia.Esign.UserRemove","vhost":"NWK-PROD-IOSSYSTEMS","durable":true,"auto_delete":false,"arguments":{}},{"name":"DeviceServices.D32.V2.DLQ","vhost":"NWK-PROD-IOSSYSTEMS","durable":true,"auto_delete":false,"arguments":{}},{"name":"DeviceServices.Phobos.C11","vhost":"NWK-PROD-IOSSYSTEMS","durable":true,"auto_delete":false,"arguments":{}},{"name":"DeviceServices.UBProcessingLog.Skip","vhost":"NWK-PROD-IOSSYSTEMS","durable":true,"auto_delete":false,"arguments":{}},{"name":"DeviceServices.UBProcessingLog.Unbrick.Insert","vhost":"NWK-PROD-IOSSYSTEMS","durable":true,"auto_delete":false,"arguments":{}},{"name":"DeviceServices.G02Replacement","vhost":"NWK-PROD-IOSSYSTEMS","durable":true,"auto_delete":false,"arguments":{}},{"name":"DeviceServices.AuthEntity.SAuth.Bulk.Vend","vhost":"NWK-PROD-IOSSYSTEMS","durable":true,"auto_delete":false,"arguments":{}},{"name":"DeviceServices.DeviceUnbrickInfoProcessing.TetherAction.Transfer","vhost":"NWK-PROD-IOSSYSTEMS","durable":true,"auto_delete":false,"arguments":{}},{"name":"DeviceServices.AuthEntity.MP.Bulk.Vend.DLQ","vhost":"NWK-PROD-IOSSYSTEMS","durable":true,"auto_delete":false,"arguments":{}},{"name":"DeviceServices.Phobos.C3","vhost":"NWK-PROD-IOSSYSTEMS","durable":true,"auto_delete":false,"arguments":{}},{"name":"DeviceServices.DeviceUnbrickInfoProcessing.TetherAction.Callback.DLQ","vhost":"NWK-PROD-IOSSYSTEMS","durable":true,"auto_delete":false,"arguments":{}},{"name":"DeviceServices.AuthEntity.Certificate.Bulk.Vend.Upload","vhost":"NWK-PROD-IOSSYSTEMS","durable":true,"auto_delete":false,"arguments":{}},{"name":"DeviceServices.AuthEntity.Token.Legacy.Register.IDs.DLQ","vhost":"NWK-PROD-IOSSYSTEMS","durable":true,"auto_delete":false,"arguments":{}},{"name":"DeviceServices.IPodUnbrickLog.Insert.DLQ","vhost":"NWK-PROD-IOSSYSTEMS","durable":true,"auto_delete":false,"arguments":{}},{"name":"CarrierServices.EligibilityCheckEvent","vhost":"NWK-PROD-IOSSYSTEMS","durable":true,"auto_delete":false,"arguments":{}},{"name":"DeviceServices.UBProcessingLog.RegistrationInfo.DLQ","vhost":"NWK-PROD-IOSSYSTEMS","durable":true,"auto_delete":false,"arguments":{}},{"name":"DeviceServices.AuthEntity.Token.Legacy.Bulk.Vend.Upload.DLQ","vhost":"NWK-PROD-IOSSYSTEMS","durable":true,"auto_delete":false,"arguments":{}},{"name":"DeviceServices.UBProcessingLog.phoneNumberSimNotification","vhost":"NWK-PROD-IOSSYSTEMS","durable":true,"auto_delete":false,"arguments":{}},{"name":"DeviceServices.Phobos.C10.DLQ","vhost":"NWK-PROD-IOSSYSTEMS","durable":true,"auto_delete":false,"arguments":{}},{"name":"DeviceServices.AuthEntity.Destroy","vhost":"NWK-PROD-IOSSYSTEMS","durable":true,"auto_delete":false,"arguments":{}},{"name":"DeviceServices.S72Feed.DLQ","vhost":"NWK-PROD-IOSSYSTEMS","durable":true,"auto_delete":false,"arguments":{}},{"name":"iOSSystems.Exchange.Keystone.events.service","vhost":"NWK-PROD-IOSSYSTEMS","durable":true,"auto_delete":false,"arguments":{}},{"name":"DeviceServices.UBProcessingLog.Unbrick","vhost":"NWK-PROD-IOSSYSTEMS","durable":true,"auto_delete":false,"arguments":{}},{"name":"DeviceServices.AuthEntity.Token.Legacy.Revoke.IDs.DLQ","vhost":"NWK-PROD-IOSSYSTEMS","durable":true,"auto_delete":false,"arguments":{}},{"name":"DeviceServices.AuthEntity.Token.Legacy.Bulk.Vend.Upload","vhost":"NWK-PROD-IOSSYSTEMS","durable":true,"auto_delete":false,"arguments":{}},{"name":"DeviceServices.TatsuProcessing.V2","vhost":"NWK-PROD-IOSSYSTEMS","durable":true,"auto_delete":false,"arguments":{}},{"name":"DeviceServices.EmailNotification","vhost":"NWK-PROD-IOSSYSTEMS","durable":true,"auto_delete":false,"arguments":{}},{"name":"DeviceServices.DeviceOverride.Create.DLQ","vhost":"NWK-PROD-IOSSYSTEMS","durable":true,"auto_delete":false,"arguments":{}},{"name":"Deviceservices.Manufacturing.Provisioning.Release.DLQ","vhost":"NWK-PROD-IOSSYSTEMS","durable":true,"auto_delete":false,"arguments":{}},{"name":"DeviceServices.SubscriberNumber.Update.DLQ","vhost":"NWK-PROD-IOSSYSTEMS","durable":true,"auto_delete":false,"arguments":{}},{"name":"DeviceServices.UBProcessingLog.5Min.ActivityInfo.Activation","vhost":"NWK-PROD-IOSSYSTEMS","durable":true,"auto_delete":false,"arguments":{"x-message-ttl":300000,"x-dead-letter-exchange":"DeviceService"}},{"name":"DeviceServices.M68Processing.Interim","vhost":"NWK-PROD-IOSSYSTEMS","durable":true,"auto_delete":false,"arguments":{}},{"name":"DeviceServices.Phobos.C7","vhost":"NWK-PROD-IOSSYSTEMS","durable":true,"auto_delete":false,"arguments":{}},{"name":"DeviceServices.EDS","vhost":"NWK-PROD-IOSSYSTEMS","durable":true,"auto_delete":false,"arguments":{}},{"name":"DeviceServices.DeviceOverride.SetIndividualActiveStatus.DLQ","vhost":"NWK-PROD-IOSSYSTEMS","durable":true,"auto_delete":false,"arguments":{}},{"name":"DeviceServices.Phobos.C12","vhost":"NWK-PROD-IOSSYSTEMS","durable":true,"auto_delete":false,"arguments":{}},{"name":"Deviceservices.Manufacturing.Provisioning.Engineering.DLQ","vhost":"NWK-PROD-IOSSYSTEMS","durable":true,"auto_delete":false,"arguments":{}},{"name":"DeviceServices.AuthEntity.Token.Bulk.Vend.Generate.DLQ","vhost":"NWK-PROD-IOSSYSTEMS","durable":true,"auto_delete":false,"arguments":{}},{"name":"DeviceServices.DeviceUnbrickInfoProcessing.TetherAction.Set","vhost":"NWK-PROD-IOSSYSTEMS","durable":true,"auto_delete":false,"arguments":{}},{"name":"DeviceServices.Hydra.Proc","vhost":"NWK-PROD-IOSSYSTEMS","durable":true,"auto_delete":false,"arguments":{}},{"name":"SAPServices.Preship","vhost":"NWK-PROD-IOSSYSTEMS","durable":true,"auto_delete":false,"arguments":{}},{"name":"DeviceServices.UBProcessingLog.5Min.RegistrationInfo","vhost":"NWK-PROD-IOSSYSTEMS","durable":true,"auto_delete":false,"arguments":{"x-message-ttl":300000,"x-dead-letter-exchange":"DeviceServices"}},{"name":"SAPServices.Preship.DLQ","vhost":"NWK-PROD-IOSSYSTEMS","durable":true,"auto_delete":false,"arguments":{}},{"name":"DeviceServices.Phobos.C6","vhost":"NWK-PROD-IOSSYSTEMS","durable":true,"auto_delete":false,"arguments":{}},{"name":"DeviceServices.TreeckoFeed.DLQ","vhost":"NWK-PROD-IOSSYSTEMS","durable":true,"auto_delete":false,"arguments":{}},{"name":"DeviceServices.MacOSUnbrickStrategy","vhost":"NWK-PROD-IOSSYSTEMS","durable":true,"auto_delete":false,"arguments":{}},{"name":"DeviceServices.ZX9Replacement.DLQ","vhost":"NWK-PROD-IOSSYSTEMS","durable":true,"auto_delete":false,"arguments":{}},{"name":"DeviceServices.AuthEntity.SAuth.Bulk.Vend.DLQ","vhost":"NWK-PROD-IOSSYSTEMS","durable":true,"auto_delete":false,"arguments":{}},{"name":"DeviceServices.TatsuProcessing.M3.DLQ","vhost":"NWK-PROD-IOSSYSTEMS","durable":true,"auto_delete":false,"arguments":{}},{"name":"DeviceServices.AuthEntity.First.Activation.DLQ","vhost":"NWK-PROD-IOSSYSTEMS","durable":true,"auto_delete":false,"arguments":{}},{"name":"DeviceServices.AuthEntity.Token.V2.Bulk.Vend.Upload.DLQ","vhost":"NWK-PROD-IOSSYSTEMS","durable":true,"auto_delete":false,"arguments":{}},{"name":"DeviceServices.Numeros.Proc","vhost":"NWK-PROD-IOSSYSTEMS","durable":true,"auto_delete":false,"arguments":{}},{"name":"DeviceServices.AuthEntity.Token.V2.First.Activation","vhost":"NWK-PROD-IOSSYSTEMS","durable":true,"auto_delete":false,"arguments":{}},{"name":"DeviceServices.DeviceUnbrickStrategy.DLQ","vhost":"NWK-PROD-IOSSYSTEMS","durable":true,"auto_delete":false,"arguments":{}},{"name":"DeviceServices.AuthEntity.Register.DLQ","vhost":"NWK-PROD-IOSSYSTEMS","durable":true,"auto_delete":false,"arguments":{}},{"name":"DeviceServices.AuthEntity.Token.V2.Destroy.All","vhost":"NWK-PROD-IOSSYSTEMS","durable":true,"auto_delete":false,"arguments":{}},{"name":"DeviceServices.EDI140.DLQ","vhost":"NWK-PROD-IOSSYSTEMS","durable":true,"auto_delete":false,"arguments":{}},{"name":"DeviceServices.Hydra.Ldr.v2.DLQ","vhost":"NWK-PROD-IOSSYSTEMS","durable":true,"auto_delete":false,"arguments":{}},{"name":"DeviceServices.AuthEntity.Token.V2.Revoke.All.DLQ","vhost":"NWK-PROD-IOSSYSTEMS","durable":true,"auto_delete":false,"arguments":{}},{"name":"DeviceServices.Phobos.C10","vhost":"NWK-PROD-IOSSYSTEMS","durable":true,"auto_delete":false,"arguments":{}},{"name":"DeviceServices.AuthEntity.Certificate.Bulk.Vend.Generate","vhost":"NWK-PROD-IOSSYSTEMS","durable":true,"auto_delete":false,"arguments":{}},{"name":"DeviceServices.D32P.V2","vhost":"NWK-PROD-IOSSYSTEMS","durable":true,"auto_delete":false,"arguments":{}},{"name":"DeviceServices.AuthEntity.Certificate.Revoke.All.DLQ","vhost":"NWK-PROD-IOSSYSTEMS","durable":true,"auto_delete":false,"arguments":{}},{"name":"DeviceServices.Hydra.Proc.v2.DLQ","vhost":"NWK-PROD-IOSSYSTEMS","durable":true,"auto_delete":false,"arguments":{}},{"name":"DeviceServices.AuthEntity.Token.V2.Register.IDs.DLQ","vhost":"NWK-PROD-IOSSYSTEMS","durable":true,"auto_delete":false,"arguments":{}},{"name":"DeviceServices.Ambrosia.Esign.StatusUpdate.DLQ","vhost":"NWK-PROD-IOSSYSTEMS","durable":true,"auto_delete":false,"arguments":{}},{"name":"DeviceServices.AuthEntity.Token.Legacy.Revoke.All.DLQ","vhost":"NWK-PROD-IOSSYSTEMS","durable":true,"auto_delete":false,"arguments":{}},{"name":"DeviceServices.AuthEntity.Certificate.Destroy.IDs.DLQ","vhost":"NWK-PROD-IOSSYSTEMS","durable":true,"auto_delete":false,"arguments":{}},{"name":"DeviceServices.Phobos.C8.DLQ","vhost":"NWK-PROD-IOSSYSTEMS","durable":true,"auto_delete":false,"arguments":{}},{"name":"DeviceServices.AuthEntity.Token.V2.Revoke.IDs.DLQ","vhost":"NWK-PROD-IOSSYSTEMS","durable":true,"auto_delete":false,"arguments":{}},{"name":"DeviceServices.UBProcessingLog.20Min.phoneNumberSimNotification","vhost":"NWK-PROD-IOSSYSTEMS","durable":true,"auto_delete":false,"arguments":{"x-message-ttl":1200000,"x-dead-letter-exchange":"DeviceServices"}},{"name":"CarrierServices.AsyncReportingEvent","vhost":"NWK-PROD-IOSSYSTEMS","durable":true,"auto_delete":false,"arguments":{}},{"name":"DeviceServices.AuthEntity.Token.Legacy.First.Activation","vhost":"NWK-PROD-IOSSYSTEMS","durable":true,"auto_delete":false,"arguments":{}},{"name":"DeviceServices.S72Feed","vhost":"NWK-PROD-IOSSYSTEMS","durable":true,"auto_delete":false,"arguments":{}},{"name":"DeviceServices.Hydra.Ldr.v2","vhost":"NWK-PROD-IOSSYSTEMS","durable":true,"auto_delete":false,"arguments":{}},{"name":"DeviceServices.UBProcessingLog.ActivityInfo.Activation.DLQ","vhost":"NWK-PROD-IOSSYSTEMS","durable":true,"auto_delete":false,"arguments":{}},{"name":"DeviceServices.AuthEntity.MP.Bulk.Vend","vhost":"NWK-PROD-IOSSYSTEMS","durable":true,"auto_delete":false,"arguments":{}},{"name":"Deviceservices.Manufacturing.Provisioning.Release","vhost":"NWK-PROD-IOSSYSTEMS","durable":true,"auto_delete":false,"arguments":{}},{"name":"CarrierServices.EnrollmentEvent","vhost":"NWK-PROD-IOSSYSTEMS","durable":true,"auto_delete":false,"arguments":{}},{"name":"DeviceServices.AuthEntity.Token.Legacy.Destroy.All.DLQ","vhost":"NWK-PROD-IOSSYSTEMS","durable":true,"auto_delete":false,"arguments":{}},{"name":"iOSSystems.Queue.Keystone.ShovelOutgoingNC1","vhost":"NWK-PROD-IOSSYSTEMS","durable":true,"auto_delete":false,"arguments":{}},{"name":"DeviceServices.AuthEntity.Token.V2.Register.IDs","vhost":"NWK-PROD-IOSSYSTEMS","durable":true,"auto_delete":false,"arguments":{}},{"name":"DeviceServices.AuthEntity.Token.Legacy.Destroy.IDs","vhost":"NWK-PROD-IOSSYSTEMS","durable":true,"auto_delete":false,"arguments":{}},{"name":"CarrierServices.RestReportingEvent","vhost":"NWK-PROD-IOSSYSTEMS","durable":true,"auto_delete":false,"arguments":{}},{"name":"DeviceServices.AuthEntity.Certificate.Destroy.All","vhost":"NWK-PROD-IOSSYSTEMS","durable":true,"auto_delete":false,"arguments":{}},{"name":"DeviceServices.SubscriberNumber.Update","vhost":"NWK-PROD-IOSSYSTEMS","durable":true,"auto_delete":false,"arguments":{}},{"name":"DeviceServices.DeviceOverride.SetActiveStatus","vhost":"NWK-PROD-IOSSYSTEMS","durable":true,"auto_delete":false,"arguments":{}},{"name":"DeviceServices.AuthEntity.Token.Legacy.Revoke.All","vhost":"NWK-PROD-IOSSYSTEMS","durable":true,"auto_delete":false,"arguments":{}}],"exchanges":[{"name":"DeviceServices.DLQ","vhost":"NWK-PROD-IOSSYSTEMS","type":"topic","durable":true,"auto_delete":false,"internal":false,"arguments":{}},{"name":"SAPServices.AOSBatch.DLQ","vhost":"NWK-PROD-IOSSYSTEMS","type":"topic","durable":true,"auto_delete":false,"internal":false,"arguments":{}},{"name":"SAPServices.AOSBatch","vhost":"NWK-PROD-IOSSYSTEMS","type":"topic","durable":true,"auto_delete":false,"internal":false,"arguments":{}},{"name":"iOSSystems.Exchange.Keystone.events.service","vhost":"NWK-PROD-IOSSYSTEMS","type":"direct","durable":true,"auto_delete":false,"internal":false,"arguments":{}},{"name":"CarrierServices.ReportingEvent","vhost":"NWK-PROD-IOSSYSTEMS","type":"topic","durable":true,"auto_delete":false,"internal":false,"arguments":{}},{"name":"topic_logs","vhost":"NWK-PROD-IOSSYSTEMS","type":"topic","durable":true,"auto_delete":false,"internal":false,"arguments":{}},{"name":"CSPublisher.Exchange.CSOrderEvent.crosscluster.broadcast","vhost":"NWK-PROD-IOSSYSTEMS","type":"fanout","durable":true,"auto_delete":false,"internal":false,"arguments":{}},{"name":"iOSSystems.Exchange.Keystone.events.broadcast","vhost":"NWK-PROD-IOSSYSTEMS","type":"fanout","durable":true,"auto_delete":false,"internal":false,"arguments":{}},{"name":"DeviceServices.Scheduled","vhost":"NWK-PROD-IOSSYSTEMS","type":"topic","durable":true,"auto_delete":false,"internal":false,"arguments":{}},{"name":"CarrierServices.OptinPublishingEvent","vhost":"NWK-PROD-IOSSYSTEMS","type":"topic","durable":true,"auto_delete":false,"internal":false,"arguments":{}},{"name":"DeviceServices","vhost":"NWK-PROD-IOSSYSTEMS","type":"topic","durable":true,"auto_delete":false,"internal":false,"arguments":{}},{"name":"iOSSystems.Exchange.Keystone.crosscluster.broadcast","vhost":"NWK-PROD-IOSSYSTEMS","type":"fanout","durable":true,"auto_delete":false,"internal":false,"arguments":{}}],"bindings":[{"source":"CarrierServices.OptinPublishingEvent","vhost":"NWK-PROD-IOSSYSTEMS","destination":"CarrierServices.EligibilityCheckEvent","destination_type":"queue","routing_key":"eligibilityCheck.#","arguments":{}},{"source":"CarrierServices.OptinPublishingEvent","vhost":"NWK-PROD-IOSSYSTEMS","destination":"CarrierServices.EnrollmentEvent","destination_type":"queue","routing_key":"enrollment.#","arguments":{}},{"source":"CarrierServices.ReportingEvent","vhost":"NWK-PROD-IOSSYSTEMS","destination":"CarrierServices.AccountLookupReportingEvent","destination_type":"queue","routing_key":"accountlookup.#","arguments":{}},{"source":"CarrierServices.ReportingEvent","vhost":"NWK-PROD-IOSSYSTEMS","destination":"CarrierServices.AsyncReportingEvent","destination_type":"queue","routing_key":"async.#","arguments":{}},{"source":"CarrierServices.ReportingEvent","vhost":"NWK-PROD-IOSSYSTEMS","destination":"CarrierServices.RestReportingEvent","destination_type":"queue","routing_key":"rest.#\t","arguments":{}},{"source":"DeviceServices","vhost":"NWK-PROD-IOSSYSTEMS","destination":"DeviceServices.IPodUnbrickProcessingLog","destination_type":"queue","routing_key":"DeviceServices.IPodUnbrickProcessingLog.DLQ","arguments":{}},{"source":"DeviceServices","vhost":"NWK-PROD-IOSSYSTEMS","destination":"DeviceServices.UBProcessingLog.ActivityInfo.Activation","destination_type":"queue","routing_key":"DeviceServices.UBProcessingLog.ActivityInfo.Activation.DLQ","arguments":{}},{"source":"DeviceServices","vhost":"NWK-PROD-IOSSYSTEMS","destination":"DeviceServices.UBProcessingLog.RegistrationInfo","destination_type":"queue","routing_key":"DeviceServices.UBProcessingLog.RegistrationInfo.DLQ","arguments":{}},{"source":"DeviceServices","vhost":"NWK-PROD-IOSSYSTEMS","destination":"DeviceServices.UBProcessingLog.Skip","destination_type":"queue","routing_key":"DeviceServices.UBProcessingLog.Skip.DLQ","arguments":{}},{"source":"DeviceServices","vhost":"NWK-PROD-IOSSYSTEMS","destination":"DeviceServices.UBProcessingLog.Unbrick","destination_type":"queue","routing_key":"DeviceServices.UBProcessingLog.Unbrick.DLQ","arguments":{}},{"source":"DeviceServices","vhost":"NWK-PROD-IOSSYSTEMS","destination":"DeviceServices.UBProcessingLog.phoneNumberSimNotification","destination_type":"queue","routing_key":"DeviceServices.UBProcessingLog.phoneNumberSimNotification.DLQ","arguments":{}},{"source":"DeviceServices","vhost":"NWK-PROD-IOSSYSTEMS","destination":"DeviceServices.UnbrickLog.Downstream","destination_type":"queue","routing_key":"DeviceServices.UnbrickLog.Downstream.DLQ","arguments":{}},{"source":"DeviceServices","vhost":"NWK-PROD-IOSSYSTEMS","destination":"DeviceServices.UnbrickLogIpod.Downstream","destination_type":"queue","routing_key":"DeviceServices.UnbrickLogIpod.Downstream.DLQ","arguments":{}},{"source":"DeviceServices","vhost":"NWK-PROD-IOSSYSTEMS","destination":"DeviceServices.Ambrosia.Esign.StatusUpdate","destination_type":"queue","routing_key":"ambrosia.esign.status.update","arguments":{}},{"source":"DeviceServices","vhost":"NWK-PROD-IOSSYSTEMS","destination":"DeviceServices.Ambrosia.Esign.UserAdd","destination_type":"queue","routing_key":"ambrosia.esign.user.add","arguments":{}},{"source":"DeviceServices","vhost":"NWK-PROD-IOSSYSTEMS","destination":"DeviceServices.Ambrosia.Esign.UserRemove","destination_type":"queue","routing_key":"ambrosia.esign.user.remove","arguments":{}},{"source":"DeviceServices","vhost":"NWK-PROD-IOSSYSTEMS","destination":"DeviceServices.AuthEntity.Certificate.Bulk.Vend.Generate","destination_type":"queue","routing_key":"auth.entity.certificate.bulk.vend.generate","arguments":{}},{"source":"DeviceServices","vhost":"NWK-PROD-IOSSYSTEMS","destination":"DeviceServices.AuthEntity.Certificate.Bulk.Vend.Upload","destination_type":"queue","routing_key":"auth.entity.certificate.bulk.vend.upload","arguments":{}},{"source":"DeviceServices","vhost":"NWK-PROD-IOSSYSTEMS","destination":"DeviceServices.AuthEntity.Certificate.Destroy.All","destination_type":"queue","routing_key":"auth.entity.certificate.destroy.all","arguments":{}},{"source":"DeviceServices","vhost":"NWK-PROD-IOSSYSTEMS","destination":"DeviceServices.AuthEntity.Certificate.Destroy.IDs","destination_type":"queue","routing_key":"auth.entity.certificate.destroy.ids","arguments":{}},{"source":"DeviceServices","vhost":"NWK-PROD-IOSSYSTEMS","destination":"DeviceServices.AuthEntity.Certificate.Register.IDs","destination_type":"queue","routing_key":"auth.entity.certificate.register.ids","arguments":{}},{"source":"DeviceServices","vhost":"NWK-PROD-IOSSYSTEMS","destination":"DeviceServices.AuthEntity.Certificate.Revoke.All","destination_type":"queue","routing_key":"auth.entity.certificate.revoke.all","arguments":{}},{"source":"DeviceServices","vhost":"NWK-PROD-IOSSYSTEMS","destination":"DeviceServices.AuthEntity.Certificate.Revoke.IDs","destination_type":"queue","routing_key":"auth.entity.certificate.revoke.ids","arguments":{}},{"source":"DeviceServices","vhost":"NWK-PROD-IOSSYSTEMS","destination":"DeviceServices.AuthEntity.Destroy","destination_type":"queue","routing_key":"auth.entity.destroy","arguments":{}},{"source":"DeviceServices","vhost":"NWK-PROD-IOSSYSTEMS","destination":"DeviceServices.AuthEntity.First.Activation","destination_type":"queue","routing_key":"auth.entity.first.activation","arguments":{}},{"source":"DeviceServices","vhost":"NWK-PROD-IOSSYSTEMS","destination":"DeviceServices.AuthEntity.MP.Bulk.Vend","destination_type":"queue","routing_key":"auth.entity.mp.bulk.vend","arguments":{}},{"source":"DeviceServices","vhost":"NWK-PROD-IOSSYSTEMS","destination":"DeviceServices.AuthEntity.Register","destination_type":"queue","routing_key":"auth.entity.register","arguments":{}},{"source":"DeviceServices","vhost":"NWK-PROD-IOSSYSTEMS","destination":"DeviceServices.AuthEntity.Revoke","destination_type":"queue","routing_key":"auth.entity.revoke","arguments":{}},{"source":"DeviceServices","vhost":"NWK-PROD-IOSSYSTEMS","destination":"DeviceServices.AuthEntity.SAuth.Bulk.Vend","destination_type":"queue","routing_key":"auth.entity.sauth.bulk.vend","arguments":{}},{"source":"DeviceServices","vhost":"NWK-PROD-IOSSYSTEMS","destination":"DeviceServices.AuthEntity.Token.Bulk.Vend.Generate","destination_type":"queue","routing_key":"auth.entity.token.bulk.vend.generate","arguments":{}},{"source":"DeviceServices","vhost":"NWK-PROD-IOSSYSTEMS","destination":"DeviceServices.AuthEntity.Token.Legacy.Bulk.Vend.Upload","destination_type":"queue","routing_key":"auth.entity.token.legacy.bulk.vend.upload","arguments":{}},{"source":"DeviceServices","vhost":"NWK-PROD-IOSSYSTEMS","destination":"DeviceServices.AuthEntity.Token.Legacy.Destroy.All","destination_type":"queue","routing_key":"auth.entity.token.legacy.destroy.all","arguments":{}},{"source":"DeviceServices","vhost":"NWK-PROD-IOSSYSTEMS","destination":"DeviceServices.AuthEntity.Token.Legacy.Destroy.IDs","destination_type":"queue","routing_key":"auth.entity.token.legacy.destroy.ids","arguments":{}},{"source":"DeviceServices","vhost":"NWK-PROD-IOSSYSTEMS","destination":"DeviceServices.AuthEntity.Token.Legacy.First.Activation","destination_type":"queue","routing_key":"auth.entity.token.legacy.first.activation","arguments":{}},{"source":"DeviceServices","vhost":"NWK-PROD-IOSSYSTEMS","destination":"DeviceServices.AuthEntity.Token.Legacy.Register.IDs","destination_type":"queue","routing_key":"auth.entity.token.legacy.register.ids","arguments":{}},{"source":"DeviceServices","vhost":"NWK-PROD-IOSSYSTEMS","destination":"DeviceServices.AuthEntity.Token.Legacy.Revoke.All","destination_type":"queue","routing_key":"auth.entity.token.legacy.revoke.all","arguments":{}},{"source":"DeviceServices","vhost":"NWK-PROD-IOSSYSTEMS","destination":"DeviceServices.AuthEntity.Token.Legacy.Revoke.IDs","destination_type":"queue","routing_key":"auth.entity.token.legacy.revoke.ids","arguments":{}},{"source":"DeviceServices","vhost":"NWK-PROD-IOSSYSTEMS","destination":"DeviceServices.AuthEntity.Token.V2.Bulk.Vend.Upload","destination_type":"queue","routing_key":"auth.entity.token.v2.bulk.vend.upload","arguments":{}},{"source":"DeviceServices","vhost":"NWK-PROD-IOSSYSTEMS","destination":"DeviceServices.AuthEntity.Token.V2.Destroy.All","destination_type":"queue","routing_key":"auth.entity.token.v2.destroy.all","arguments":{}},{"source":"DeviceServices","vhost":"NWK-PROD-IOSSYSTEMS","destination":"DeviceServices.AuthEntity.Token.V2.Destroy.IDs","destination_type":"queue","routing_key":"auth.entity.token.v2.destroy.ids","arguments":{}},{"source":"DeviceServices","vhost":"NWK-PROD-IOSSYSTEMS","destination":"DeviceServices.AuthEntity.Token.V2.First.Activation","destination_type":"queue","routing_key":"auth.entity.token.v2.first.activation","arguments":{}},{"source":"DeviceServices","vhost":"NWK-PROD-IOSSYSTEMS","destination":"DeviceServices.AuthEntity.Token.V2.Register.IDs","destination_type":"queue","routing_key":"auth.entity.token.v2.register.ids","arguments":{}},{"source":"DeviceServices","vhost":"NWK-PROD-IOSSYSTEMS","destination":"DeviceServices.AuthEntity.Token.V2.Revoke.All","destination_type":"queue","routing_key":"auth.entity.token.v2.revoke.all","arguments":{}},{"source":"DeviceServices","vhost":"NWK-PROD-IOSSYSTEMS","destination":"DeviceServices.AuthEntity.Token.V2.Revoke.IDs","destination_type":"queue","routing_key":"auth.entity.token.v2.revoke.ids","arguments":{}},{"source":"DeviceServices","vhost":"NWK-PROD-IOSSYSTEMS","destination":"DeviceServices.D32.V2","destination_type":"queue","routing_key":"d32.loader.v2","arguments":{}},{"source":"DeviceServices","vhost":"NWK-PROD-IOSSYSTEMS","destination":"DeviceServices.D32P.V2","destination_type":"queue","routing_key":"d32.processing.v2","arguments":{}},{"source":"DeviceServices","vhost":"NWK-PROD-IOSSYSTEMS","destination":"DeviceServices.D32R","destination_type":"queue","routing_key":"d32.republish","arguments":{}},{"source":"DeviceServices","vhost":"NWK-PROD-IOSSYSTEMS","destination":"DeviceServices.DeviceExport","destination_type":"queue","routing_key":"device.export","arguments":{}},{"source":"DeviceServices","vhost":"NWK-PROD-IOSSYSTEMS","destination":"DeviceServices.EDI140","destination_type":"queue","routing_key":"edi140.processing","arguments":{}},{"source":"DeviceServices","vhost":"NWK-PROD-IOSSYSTEMS","destination":"DeviceServices.Phobos.C5","destination_type":"queue","routing_key":"edi140.std.loader","arguments":{}},{"source":"DeviceServices","vhost":"NWK-PROD-IOSSYSTEMS","destination":"DeviceServices.Phobos.C6","destination_type":"queue","routing_key":"edi140.std.proc","arguments":{}},{"source":"DeviceServices","vhost":"NWK-PROD-IOSSYSTEMS","destination":"DeviceServices.Phobos.C7","destination_type":"queue","routing_key":"edi140.update.proc","arguments":{}},{"source":"DeviceServices","vhost":"NWK-PROD-IOSSYSTEMS","destination":"DeviceServices.EDI143","destination_type":"queue","routing_key":"edi143.generate","arguments":{}},{"source":"DeviceServices","vhost":"NWK-PROD-IOSSYSTEMS","destination":"DeviceServices.EmailNotification","destination_type":"queue","routing_key":"email.notification","arguments":{}},{"source":"DeviceServices","vhost":"NWK-PROD-IOSSYSTEMS","destination":"DeviceServices.FmipLockStatus.Audit","destination_type":"queue","routing_key":"fmiplockstatus.audit","arguments":{}},{"source":"DeviceServices","vhost":"NWK-PROD-IOSSYSTEMS","destination":"DeviceServices.G02Replacement","destination_type":"queue","routing_key":"g02.replacement","arguments":{}},{"source":"DeviceServices","vhost":"NWK-PROD-IOSSYSTEMS","destination":"DeviceServices.EDS","destination_type":"queue","routing_key":"hydra.eds","arguments":{}},{"source":"DeviceServices","vhost":"NWK-PROD-IOSSYSTEMS","destination":"DeviceServices.Phobos.C3","destination_type":"queue","routing_key":"m01.loader","arguments":{}},{"source":"DeviceServices","vhost":"NWK-PROD-IOSSYSTEMS","destination":"DeviceServices.Phobos.C4","destination_type":"queue","routing_key":"m01.proc","arguments":{}},{"source":"DeviceServices","vhost":"NWK-PROD-IOSSYSTEMS","destination":"DeviceServices.Phobos.C8","destination_type":"queue","routing_key":"m10.loader","arguments":{}},{"source":"DeviceServices","vhost":"NWK-PROD-IOSSYSTEMS","destination":"DeviceServices.Phobos.C12","destination_type":"queue","routing_key":"m10.proc","arguments":{}},{"source":"DeviceServices","vhost":"NWK-PROD-IOSSYSTEMS","destination":"DeviceServices.Phobos.C9","destination_type":"queue","routing_key":"m68.aos","arguments":{}},{"source":"DeviceServices","vhost":"NWK-PROD-IOSSYSTEMS","destination":"DeviceServices.Phobos.C11","destination_type":"queue","routing_key":"m68.error","arguments":{}},{"source":"DeviceServices","vhost":"NWK-PROD-IOSSYSTEMS","destination":"DeviceServices.Phobos.C2","destination_type":"queue","routing_key":"m68.proc","arguments":{}},{"source":"DeviceServices","vhost":"NWK-PROD-IOSSYSTEMS","destination":"DeviceServices.ManufacturingProcessing","destination_type":"queue","routing_key":"manufacturing.processing","arguments":{}},{"source":"DeviceServices","vhost":"NWK-PROD-IOSSYSTEMS","destination":"DeviceServices.Hydra.Ldr","destination_type":"queue","routing_key":"mpn.loader","arguments":{}},{"source":"DeviceServices","vhost":"NWK-PROD-IOSSYSTEMS","destination":"DeviceServices.Hydra.Proc","destination_type":"queue","routing_key":"mpn.processing","arguments":{}},{"source":"DeviceServices","vhost":"NWK-PROD-IOSSYSTEMS","destination":"DeviceServices.Hydra.Proc.v2","destination_type":"queue","routing_key":"mpn.processing.v2","arguments":{}},{"source":"DeviceServices","vhost":"NWK-PROD-IOSSYSTEMS","destination":"DeviceServices.Numeros.Ldr","destination_type":"queue","routing_key":"numeros.loader","arguments":{}},{"source":"DeviceServices","vhost":"NWK-PROD-IOSSYSTEMS","destination":"DeviceServices.Numeros.Proc","destination_type":"queue","routing_key":"numeros.processing","arguments":{}},{"source":"DeviceServices","vhost":"NWK-PROD-IOSSYSTEMS","destination":"DeviceServices.S72Feed","destination_type":"queue","routing_key":"s72feed.fileinfo","arguments":{}},{"source":"DeviceServices","vhost":"NWK-PROD-IOSSYSTEMS","destination":"DS.SAPServices.AOSM68","destination_type":"queue","routing_key":"sap.aos.m68","arguments":{}},{"source":"DeviceServices","vhost":"NWK-PROD-IOSSYSTEMS","destination":"DeviceServices.DS.SAPServices.AOSM68","destination_type":"queue","routing_key":"sap.aos.m68","arguments":{}},{"source":"DeviceServices","vhost":"NWK-PROD-IOSSYSTEMS","destination":"DeviceServices.M68Processing.Interim","destination_type":"queue","routing_key":"sap.incoming.interim","arguments":{}},{"source":"DeviceServices","vhost":"NWK-PROD-IOSSYSTEMS","destination":"DeviceServices.SuperSearch","destination_type":"queue","routing_key":"super.search","arguments":{}},{"source":"DeviceServices","vhost":"NWK-PROD-IOSSYSTEMS","destination":"DeviceServices.TatsuProcessing.M3","destination_type":"queue","routing_key":"tatsu.m3.processing","arguments":{}},{"source":"DeviceServices","vhost":"NWK-PROD-IOSSYSTEMS","destination":"DeviceServices.TatsuLoader.V2","destination_type":"queue","routing_key":"tatsu.v2.loader","arguments":{}},{"source":"DeviceServices","vhost":"NWK-PROD-IOSSYSTEMS","destination":"DeviceServices.TatsuProcessing.V2","destination_type":"queue","routing_key":"tatsu.v2.processing","arguments":{}},{"source":"DeviceServices","vhost":"NWK-PROD-IOSSYSTEMS","destination":"DeviceServices.TreeckoFeed","destination_type":"queue","routing_key":"treecko.feed","arguments":{}},{"source":"DeviceServices","vhost":"NWK-PROD-IOSSYSTEMS","destination":"Deviceservices.Manufacturing.Provisioning.Engineering","destination_type":"queue","routing_key":"treecko.provisioning","arguments":{}},{"source":"DeviceServices","vhost":"NWK-PROD-IOSSYSTEMS","destination":"Deviceservices.Manufacturing.Provisioning.Release","destination_type":"queue","routing_key":"treecko.provisioning.K94","arguments":{}},{"source":"DeviceServices","vhost":"NWK-PROD-IOSSYSTEMS","destination":"Deviceservices.Manufacturing.Provisioning.Release","destination_type":"queue","routing_key":"treecko.provisioning.K95","arguments":{}},{"source":"DeviceServices","vhost":"NWK-PROD-IOSSYSTEMS","destination":"Deviceservices.Manufacturing.Provisioning.Release","destination_type":"queue","routing_key":"treecko.provisioning.N92A","arguments":{}},{"source":"DeviceServices","vhost":"NWK-PROD-IOSSYSTEMS","destination":"Deviceservices.Manufacturing.Provisioning.Release","destination_type":"queue","routing_key":"treecko.provisioning.k94","arguments":{}},{"source":"DeviceServices","vhost":"NWK-PROD-IOSSYSTEMS","destination":"Deviceservices.Manufacturing.Provisioning.Release","destination_type":"queue","routing_key":"treecko.provisioning.k95","arguments":{}},{"source":"DeviceServices","vhost":"NWK-PROD-IOSSYSTEMS","destination":"Deviceservices.Manufacturing.Provisioning.Release","destination_type":"queue","routing_key":"treecko.provisioning.n92a","arguments":{}},{"source":"DeviceServices","vhost":"NWK-PROD-IOSSYSTEMS","destination":"DeviceServices.DeviceUnbrickInfoProcessing.TetherAction.Callback","destination_type":"queue","routing_key":"ub.device.unbrick.info.tetheraction.callback","arguments":{}},{"source":"DeviceServices","vhost":"NWK-PROD-IOSSYSTEMS","destination":"DeviceServices.DeviceUnbrickInfoProcessing.TetherAction.Set","destination_type":"queue","routing_key":"ub.device.unbrick.info.tetheraction.set","arguments":{}},{"source":"DeviceServices","vhost":"NWK-PROD-IOSSYSTEMS","destination":"DeviceServices.DeviceUnbrickInfoProcessing.TetherAction.Transfer","destination_type":"queue","routing_key":"ub.device.unbrick.info.tetheraction.transfer","arguments":{}},{"source":"DeviceServices","vhost":"NWK-PROD-IOSSYSTEMS","destination":"DeviceServices.UBProcessingLog.ActivityInfo.Activation","destination_type":"queue","routing_key":"ub.device.unbrick.log.activityinfo.activation","arguments":{}},{"source":"DeviceServices","vhost":"NWK-PROD-IOSSYSTEMS","destination":"DeviceServices.UnbrickLog.Downstream","destination_type":"queue","routing_key":"ub.device.unbrick.log.activityinfo.activation.downstream","arguments":{}},{"source":"DeviceServices","vhost":"NWK-PROD-IOSSYSTEMS","destination":"DeviceServices.UBProcessingLog.ActivityInfo.Activation","destination_type":"queue","routing_key":"ub.device.unbrick.log.activityinfo.activation.multicast","arguments":{}},{"source":"DeviceServices","vhost":"NWK-PROD-IOSSYSTEMS","destination":"DeviceServices.UnbrickLog.Downstream","destination_type":"queue","routing_key":"ub.device.unbrick.log.activityinfo.activation.multicast","arguments":{}},{"source":"DeviceServices","vhost":"NWK-PROD-IOSSYSTEMS","destination":"DeviceServices.UnbrickLog.Downstream","destination_type":"queue","routing_key":"ub.device.unbrick.log.pairingnotification.downstream","arguments":{}},{"source":"DeviceServices","vhost":"NWK-PROD-IOSSYSTEMS","destination":"DeviceServices.UBProcessingLog.phoneNumberSimNotification","destination_type":"queue","routing_key":"ub.device.unbrick.log.phonenumbersimnotification","arguments":{}},{"source":"DeviceServices","vhost":"NWK-PROD-IOSSYSTEMS","destination":"DeviceServices.UnbrickLog.Downstream","destination_type":"queue","routing_key":"ub.device.unbrick.log.phonenumbersimnotification.downstream","arguments":{}},{"source":"DeviceServices","vhost":"NWK-PROD-IOSSYSTEMS","destination":"DeviceServices.UBProcessingLog.phoneNumberSimNotification","destination_type":"queue","routing_key":"ub.device.unbrick.log.phonenumbersimnotification.multicast","arguments":{}},{"source":"DeviceServices","vhost":"NWK-PROD-IOSSYSTEMS","destination":"DeviceServices.UnbrickLog.Downstream","destination_type":"queue","routing_key":"ub.device.unbrick.log.phonenumbersimnotification.multicast","arguments":{}},{"source":"DeviceServices","vhost":"NWK-PROD-IOSSYSTEMS","destination":"DeviceServices.UBProcessingLog.RegistrationInfo","destination_type":"queue","routing_key":"ub.device.unbrick.log.registrationinfo","arguments":{}},{"source":"DeviceServices","vhost":"NWK-PROD-IOSSYSTEMS","destination":"DeviceServices.UnbrickLog.Downstream","destination_type":"queue","routing_key":"ub.device.unbrick.log.registrationinfo.downstream","arguments":{}},{"source":"DeviceServices","vhost":"NWK-PROD-IOSSYSTEMS","destination":"DeviceServices.UBProcessingLog.RegistrationInfo","destination_type":"queue","routing_key":"ub.device.unbrick.log.registrationinfo.multicast","arguments":{}},{"source":"DeviceServices","vhost":"NWK-PROD-IOSSYSTEMS","destination":"DeviceServices.UnbrickLog.Downstream","destination_type":"queue","routing_key":"ub.device.unbrick.log.registrationinfo.multicast","arguments":{}},{"source":"DeviceServices","vhost":"NWK-PROD-IOSSYSTEMS","destination":"DeviceServices.UBProcessingLog.Skip","destination_type":"queue","routing_key":"ub.device.unbrick.log.skip","arguments":{}},{"source":"DeviceServices","vhost":"NWK-PROD-IOSSYSTEMS","destination":"DeviceServices.UnbrickLog.Downstream","destination_type":"queue","routing_key":"ub.device.unbrick.log.skip.downstream","arguments":{}},{"source":"DeviceServices","vhost":"NWK-PROD-IOSSYSTEMS","destination":"DeviceServices.UBProcessingLog.Unbrick","destination_type":"queue","routing_key":"ub.device.unbrick.log.unbrick","arguments":{}},{"source":"DeviceServices","vhost":"NWK-PROD-IOSSYSTEMS","destination":"DeviceServices.UnbrickLog.Downstream","destination_type":"queue","routing_key":"ub.device.unbrick.log.unbrick.downstream","arguments":{}},{"source":"DeviceServices","vhost":"NWK-PROD-IOSSYSTEMS","destination":"DeviceServices.UBProcessingLog.Unbrick.Insert","destination_type":"queue","routing_key":"ub.device.unbrick.log.unbrick.insert","arguments":{}},{"source":"DeviceServices","vhost":"NWK-PROD-IOSSYSTEMS","destination":"DeviceServices.UBProcessingLog.Unbrick","destination_type":"queue","routing_key":"ub.device.unbrick.log.unbrick.multicast","arguments":{}},{"source":"DeviceServices","vhost":"NWK-PROD-IOSSYSTEMS","destination":"DeviceServices.UnbrickLog.Downstream","destination_type":"queue","routing_key":"ub.device.unbrick.log.unbrick.multicast","arguments":{}},{"source":"DeviceServices","vhost":"NWK-PROD-IOSSYSTEMS","destination":"DeviceServices.DeviceUnbrickStrategy","destination_type":"queue","routing_key":"ub.device.unbrick.strategy","arguments":{}},{"source":"DeviceServices","vhost":"NWK-PROD-IOSSYSTEMS","destination":"DeviceServices.UBProcessingLog.Skip","destination_type":"queue","routing_key":"ub.device.unbricklog.skip.multicast","arguments":{}},{"source":"DeviceServices","vhost":"NWK-PROD-IOSSYSTEMS","destination":"DeviceServices.UnbrickLog.Downstream","destination_type":"queue","routing_key":"ub.device.unbricklog.skip.multicast","arguments":{}},{"source":"DeviceServices","vhost":"NWK-PROD-IOSSYSTEMS","destination":"DeviceServices.DeviceOverride.Create","destination_type":"queue","routing_key":"ub.deviceoverride.create","arguments":{}},{"source":"DeviceServices","vhost":"NWK-PROD-IOSSYSTEMS","destination":"DeviceServices.DeviceOverride.SetActiveStatus","destination_type":"queue","routing_key":"ub.deviceoverride.setactivestatus","arguments":{}},{"source":"DeviceServices","vhost":"NWK-PROD-IOSSYSTEMS","destination":"DeviceServices.DeviceOverride.SetIndividualActiveStatus","destination_type":"queue","routing_key":"ub.deviceoverride.setindividualactivestatus","arguments":{}},{"source":"DeviceServices","vhost":"NWK-PROD-IOSSYSTEMS","destination":"DeviceServices.IPodUnbrickInfoProcessing.TetherAction.Callback","destination_type":"queue","routing_key":"ub.ipod.unbrick.info.tetheraction.callback","arguments":{}},{"source":"DeviceServices","vhost":"NWK-PROD-IOSSYSTEMS","destination":"DeviceServices.IPodUnbrickInfoProcessing.TetherAction.Callback.Temp","destination_type":"queue","routing_key":"ub.ipod.unbrick.info.tetheraction.callback.temp","arguments":{}},{"source":"DeviceServices","vhost":"NWK-PROD-IOSSYSTEMS","destination":"DeviceServices.IPodUnbrickProcessingLog","destination_type":"queue","routing_key":"ub.ipod.unbrick.log","arguments":{}},{"source":"DeviceServices","vhost":"NWK-PROD-IOSSYSTEMS","destination":"DeviceServices.UnbrickLogIpod.Downstream","destination_type":"queue","routing_key":"ub.ipod.unbrick.log.1208.downstream","arguments":{}},{"source":"DeviceServices","vhost":"NWK-PROD-IOSSYSTEMS","destination":"DeviceServices.IPodUnbrickLog.Insert","destination_type":"queue","routing_key":"ub.ipod.unbrick.log.insert","arguments":{}},{"source":"DeviceServices","vhost":"NWK-PROD-IOSSYSTEMS","destination":"DeviceServices.IPodUnbrickProcessingLog","destination_type":"queue","routing_key":"ub.ipod.unbrick.log.multicast","arguments":{}},{"source":"DeviceServices","vhost":"NWK-PROD-IOSSYSTEMS","destination":"DeviceServices.UnbrickLogIpod.Downstream","destination_type":"queue","routing_key":"ub.ipod.unbrick.log.multicast","arguments":{}},{"source":"DeviceServices","vhost":"NWK-PROD-IOSSYSTEMS","destination":"DeviceServices.IPodUnbrickStrategy","destination_type":"queue","routing_key":"ub.ipod.unbrick.strategy","arguments":{}},{"source":"DeviceServices","vhost":"NWK-PROD-IOSSYSTEMS","destination":"DeviceServices.UBMacosLog.Unbrick","destination_type":"queue","routing_key":"ub.macos.log.unbrick","arguments":{}},{"source":"DeviceServices","vhost":"NWK-PROD-IOSSYSTEMS","destination":"DeviceServices.MacOSUnbrickStrategy","destination_type":"queue","routing_key":"ub.macos.unbrick.strategy","arguments":{}},{"source":"DeviceServices","vhost":"NWK-PROD-IOSSYSTEMS","destination":"DeviceServices.SubscriberNumber.Update","destination_type":"queue","routing_key":"ub.subscriberNumber.update","arguments":{}},{"source":"DeviceServices","vhost":"NWK-PROD-IOSSYSTEMS","destination":"DeviceServices.Phobos.C10","destination_type":"queue","routing_key":"validate.loader","arguments":{}},{"source":"DeviceServices","vhost":"NWK-PROD-IOSSYSTEMS","destination":"DeviceServices.ZX9Replacement","destination_type":"queue","routing_key":"zx9.replacement","arguments":{}},{"source":"DeviceServices.DLQ","vhost":"NWK-PROD-IOSSYSTEMS","destination":"DeviceServices.IPodUnbrickProcessingLog.DLQ","destination_type":"queue","routing_key":"DeviceServices.IPodUnbrickProcessingLog.DLQ","arguments":{}},{"source":"DeviceServices.DLQ","vhost":"NWK-PROD-IOSSYSTEMS","destination":"DeviceServices.UBProcessingLog.ActivityInfo.Activation.DLQ","destination_type":"queue","routing_key":"DeviceServices.UBProcessingLog.ActivityInfo.Activation.DLQ","arguments":{}},{"source":"DeviceServices.DLQ","vhost":"NWK-PROD-IOSSYSTEMS","destination":"DeviceServices.UBProcessingLog.RegistrationInfo.DLQ","destination_type":"queue","routing_key":"DeviceServices.UBProcessingLog.RegistrationInfo.DLQ","arguments":{}},{"source":"DeviceServices.DLQ","vhost":"NWK-PROD-IOSSYSTEMS","destination":"DeviceServices.UBProcessingLog.Skip.DLQ","destination_type":"queue","routing_key":"DeviceServices.UBProcessingLog.Skip.DLQ","arguments":{}},{"source":"DeviceServices.DLQ","vhost":"NWK-PROD-IOSSYSTEMS","destination":"DeviceServices.UBProcessingLog.Unbrick.DLQ","destination_type":"queue","routing_key":"DeviceServices.UBProcessingLog.Unbrick.DLQ","arguments":{}},{"source":"DeviceServices.DLQ","vhost":"NWK-PROD-IOSSYSTEMS","destination":"DeviceServices.UBProcessingLog.phoneNumberSimNotification.DLQ","destination_type":"queue","routing_key":"DeviceServices.UBProcessingLog.phoneNumberSimNotification.DLQ","arguments":{}},{"source":"DeviceServices.DLQ","vhost":"NWK-PROD-IOSSYSTEMS","destination":"DeviceServices.UnbrickLog.Downstream.DLQ","destination_type":"queue","routing_key":"DeviceServices.UnbrickLog.Downstream.DLQ","arguments":{}},{"source":"DeviceServices.DLQ","vhost":"NWK-PROD-IOSSYSTEMS","destination":"DeviceServices.UnbrickLogIpod.Downstream.DLQ","destination_type":"queue","routing_key":"DeviceServices.UnbrickLogIpod.Downstream.DLQ","arguments":{}},{"source":"DeviceServices.DLQ","vhost":"NWK-PROD-IOSSYSTEMS","destination":"DeviceServices.Ambrosia.Esign.StatusUpdate.DLQ","destination_type":"queue","routing_key":"ambrosia.esign.status.update","arguments":{}},{"source":"DeviceServices.DLQ","vhost":"NWK-PROD-IOSSYSTEMS","destination":"DeviceServices.Ambrosia.Esign.UserAdd.DLQ","destination_type":"queue","routing_key":"ambrosia.esign.user.add","arguments":{}},{"source":"DeviceServices.DLQ","vhost":"NWK-PROD-IOSSYSTEMS","destination":"DeviceServices.Ambrosia.Esign.UserRemove.DLQ","destination_type":"queue","routing_key":"ambrosia.esign.user.remove","arguments":{}},{"source":"DeviceServices.DLQ","vhost":"NWK-PROD-IOSSYSTEMS","destination":"DeviceServices.AuthEntity.Certificate.Bulk.Vend.Generate.DLQ","destination_type":"queue","routing_key":"auth.entity.certificate.bulk.vend.generate","arguments":{}},{"source":"DeviceServices.DLQ","vhost":"NWK-PROD-IOSSYSTEMS","destination":"DeviceServices.AuthEntity.Certificate.Bulk.Vend.Upload.DLQ","destination_type":"queue","routing_key":"auth.entity.certificate.bulk.vend.upload","arguments":{}},{"source":"DeviceServices.DLQ","vhost":"NWK-PROD-IOSSYSTEMS","destination":"DeviceServices.AuthEntity.Certificate.Destroy.All.DLQ","destination_type":"queue","routing_key":"auth.entity.certificate.destroy.all","arguments":{}},{"source":"DeviceServices.DLQ","vhost":"NWK-PROD-IOSSYSTEMS","destination":"DeviceServices.AuthEntity.Certificate.Destroy.IDs.DLQ","destination_type":"queue","routing_key":"auth.entity.certificate.destroy.ids","arguments":{}},{"source":"DeviceServices.DLQ","vhost":"NWK-PROD-IOSSYSTEMS","destination":"DeviceServices.AuthEntity.Certificate.Register.IDs.DLQ","destination_type":"queue","routing_key":"auth.entity.certificate.register.ids","arguments":{}},{"source":"DeviceServices.DLQ","vhost":"NWK-PROD-IOSSYSTEMS","destination":"DeviceServices.AuthEntity.Certificate.Revoke.All.DLQ","destination_type":"queue","routing_key":"auth.entity.certificate.revoke.all","arguments":{}},{"source":"DeviceServices.DLQ","vhost":"NWK-PROD-IOSSYSTEMS","destination":"DeviceServices.AuthEntity.Certificate.Revoke.IDs.DLQ","destination_type":"queue","routing_key":"auth.entity.certificate.revoke.ids","arguments":{}},{"source":"DeviceServices.DLQ","vhost":"NWK-PROD-IOSSYSTEMS","destination":"DeviceServices.AuthEntity.Destroy.DLQ","destination_type":"queue","routing_key":"auth.entity.destroy","arguments":{}},{"source":"DeviceServices.DLQ","vhost":"NWK-PROD-IOSSYSTEMS","destination":"DeviceServices.AuthEntity.First.Activation.DLQ","destination_type":"queue","routing_key":"auth.entity.first.activation","arguments":{}},{"source":"DeviceServices.DLQ","vhost":"NWK-PROD-IOSSYSTEMS","destination":"DeviceServices.AuthEntity.MP.Bulk.Vend.DLQ","destination_type":"queue","routing_key":"auth.entity.mp.bulk.vend","arguments":{}},{"source":"DeviceServices.DLQ","vhost":"NWK-PROD-IOSSYSTEMS","destination":"DeviceServices.AuthEntity.Register.DLQ","destination_type":"queue","routing_key":"auth.entity.register","arguments":{}},{"source":"DeviceServices.DLQ","vhost":"NWK-PROD-IOSSYSTEMS","destination":"DeviceServices.AuthEntity.Revoke.DLQ","destination_type":"queue","routing_key":"auth.entity.revoke","arguments":{}},{"source":"DeviceServices.DLQ","vhost":"NWK-PROD-IOSSYSTEMS","destination":"DeviceServices.AuthEntity.SAuth.Bulk.Vend.DLQ","destination_type":"queue","routing_key":"auth.entity.sauth.bulk.vend","arguments":{}},{"source":"DeviceServices.DLQ","vhost":"NWK-PROD-IOSSYSTEMS","destination":"DeviceServices.AuthEntity.Token.Bulk.Vend.Generate.DLQ","destination_type":"queue","routing_key":"auth.entity.token.bulk.vend.generate","arguments":{}},{"source":"DeviceServices.DLQ","vhost":"NWK-PROD-IOSSYSTEMS","destination":"DeviceServices.AuthEntity.Token.Legacy.Bulk.Vend.Upload.DLQ","destination_type":"queue","routing_key":"auth.entity.token.legacy.bulk.vend.upload","arguments":{}},{"source":"DeviceServices.DLQ","vhost":"NWK-PROD-IOSSYSTEMS","destination":"DeviceServices.AuthEntity.Token.Legacy.Destroy.All.DLQ","destination_type":"queue","routing_key":"auth.entity.token.legacy.destroy.all","arguments":{}},{"source":"DeviceServices.DLQ","vhost":"NWK-PROD-IOSSYSTEMS","destination":"DeviceServices.AuthEntity.Token.Legacy.Destroy.IDs.DLQ","destination_type":"queue","routing_key":"auth.entity.token.legacy.destroy.ids","arguments":{}},{"source":"DeviceServices.DLQ","vhost":"NWK-PROD-IOSSYSTEMS","destination":"DeviceServices.AuthEntity.Token.Legacy.First.Activation.DLQ","destination_type":"queue","routing_key":"auth.entity.token.legacy.first.activation","arguments":{}},{"source":"DeviceServices.DLQ","vhost":"NWK-PROD-IOSSYSTEMS","destination":"DeviceServices.AuthEntity.Token.Legacy.Register.IDs.DLQ","destination_type":"queue","routing_key":"auth.entity.token.legacy.register.ids","arguments":{}},{"source":"DeviceServices.DLQ","vhost":"NWK-PROD-IOSSYSTEMS","destination":"DeviceServices.AuthEntity.Token.Legacy.Revoke.All.DLQ","destination_type":"queue","routing_key":"auth.entity.token.legacy.revoke.all","arguments":{}},{"source":"DeviceServices.DLQ","vhost":"NWK-PROD-IOSSYSTEMS","destination":"DeviceServices.AuthEntity.Token.Legacy.Revoke.IDs.DLQ","destination_type":"queue","routing_key":"auth.entity.token.legacy.revoke.ids","arguments":{}},{"source":"DeviceServices.DLQ","vhost":"NWK-PROD-IOSSYSTEMS","destination":"DeviceServices.AuthEntity.Token.V2.Bulk.Vend.Upload.DLQ","destination_type":"queue","routing_key":"auth.entity.token.v2.bulk.vend.upload","arguments":{}},{"source":"DeviceServices.DLQ","vhost":"NWK-PROD-IOSSYSTEMS","destination":"DeviceServices.AuthEntity.Token.V2.Destroy.All.DLQ","destination_type":"queue","routing_key":"auth.entity.token.v2.destroy.all","arguments":{}},{"source":"DeviceServices.DLQ","vhost":"NWK-PROD-IOSSYSTEMS","destination":"DeviceServices.AuthEntity.Token.V2.Destroy.IDs.DLQ","destination_type":"queue","routing_key":"auth.entity.token.v2.destroy.ids","arguments":{}},{"source":"DeviceServices.DLQ","vhost":"NWK-PROD-IOSSYSTEMS","destination":"DeviceServices.AuthEntity.Token.V2.First.Activation.DLQ","destination_type":"queue","routing_key":"auth.entity.token.v2.first.activation","arguments":{}},{"source":"DeviceServices.DLQ","vhost":"NWK-PROD-IOSSYSTEMS","destination":"DeviceServices.AuthEntity.Token.V2.Register.IDs.DLQ","destination_type":"queue","routing_key":"auth.entity.token.v2.register.ids","arguments":{}},{"source":"DeviceServices.DLQ","vhost":"NWK-PROD-IOSSYSTEMS","destination":"DeviceServices.AuthEntity.Token.V2.Revoke.All.DLQ","destination_type":"queue","routing_key":"auth.entity.token.v2.revoke.all","arguments":{}},{"source":"DeviceServices.DLQ","vhost":"NWK-PROD-IOSSYSTEMS","destination":"DeviceServices.AuthEntity.Token.V2.Revoke.IDs.DLQ","destination_type":"queue","routing_key":"auth.entity.token.v2.revoke.ids","arguments":{}},{"source":"DeviceServices.DLQ","vhost":"NWK-PROD-IOSSYSTEMS","destination":"DeviceServices.D32.V2.DLQ","destination_type":"queue","routing_key":"d32.loader.v2","arguments":{}},{"source":"DeviceServices.DLQ","vhost":"NWK-PROD-IOSSYSTEMS","destination":"DeviceServices.D32P.V2.DLQ","destination_type":"queue","routing_key":"d32.processing.v2","arguments":{}},{"source":"DeviceServices.DLQ","vhost":"NWK-PROD-IOSSYSTEMS","destination":"DeviceServices.D32R.DLQ","destination_type":"queue","routing_key":"d32.republish","arguments":{}},{"source":"DeviceServices.DLQ","vhost":"NWK-PROD-IOSSYSTEMS","destination":"DeviceServices.DeviceExport.DLQ","destination_type":"queue","routing_key":"device.export","arguments":{}},{"source":"DeviceServices.DLQ","vhost":"NWK-PROD-IOSSYSTEMS","destination":"DeviceServices.EDI140.DLQ","destination_type":"queue","routing_key":"edi140.processing","arguments":{}},{"source":"DeviceServices.DLQ","vhost":"NWK-PROD-IOSSYSTEMS","destination":"DeviceServices.Phobos.C5.DLQ","destination_type":"queue","routing_key":"edi140.std.loader","arguments":{}},{"source":"DeviceServices.DLQ","vhost":"NWK-PROD-IOSSYSTEMS","destination":"DeviceServices.Phobos.C6.DLQ","destination_type":"queue","routing_key":"edi140.std.proc","arguments":{}},{"source":"DeviceServices.DLQ","vhost":"NWK-PROD-IOSSYSTEMS","destination":"DeviceServices.Phobos.C7.DLQ","destination_type":"queue","routing_key":"edi140.update.proc","arguments":{}},{"source":"DeviceServices.DLQ","vhost":"NWK-PROD-IOSSYSTEMS","destination":"DeviceServices.EDI143.DLQ","destination_type":"queue","routing_key":"edi143.generate","arguments":{}},{"source":"DeviceServices.DLQ","vhost":"NWK-PROD-IOSSYSTEMS","destination":"DeviceServices.EmailNotification.DLQ","destination_type":"queue","routing_key":"email.notification","arguments":{}},{"source":"DeviceServices.DLQ","vhost":"NWK-PROD-IOSSYSTEMS","destination":"DeviceServices.G02Replacement.DLQ","destination_type":"queue","routing_key":"g02.replacement","arguments":{}},{"source":"DeviceServices.DLQ","vhost":"NWK-PROD-IOSSYSTEMS","destination":"DeviceServices.EDS.DLQ","destination_type":"queue","routing_key":"hydra.eds","arguments":{}},{"source":"DeviceServices.DLQ","vhost":"NWK-PROD-IOSSYSTEMS","destination":"DeviceServices.Phobos.C3.DLQ","destination_type":"queue","routing_key":"m01.loader","arguments":{}},{"source":"DeviceServices.DLQ","vhost":"NWK-PROD-IOSSYSTEMS","destination":"DeviceServices.Phobos.C4.DLQ","destination_type":"queue","routing_key":"m01.proc","arguments":{}},{"source":"DeviceServices.DLQ","vhost":"NWK-PROD-IOSSYSTEMS","destination":"DeviceServices.Phobos.C8.DLQ","destination_type":"queue","routing_key":"m10.loader","arguments":{}},{"source":"DeviceServices.DLQ","vhost":"NWK-PROD-IOSSYSTEMS","destination":"DeviceServices.Phobos.C12.DLQ","destination_type":"queue","routing_key":"m10.proc","arguments":{}},{"source":"DeviceServices.DLQ","vhost":"NWK-PROD-IOSSYSTEMS","destination":"DeviceServices.Phobos.C9.DLQ","destination_type":"queue","routing_key":"m68.aos","arguments":{}},{"source":"DeviceServices.DLQ","vhost":"NWK-PROD-IOSSYSTEMS","destination":"DeviceServices.Phobos.C11.DLQ","destination_type":"queue","routing_key":"m68.error","arguments":{}},{"source":"DeviceServices.DLQ","vhost":"NWK-PROD-IOSSYSTEMS","destination":"DeviceServices.Phobos.C2.DLQ","destination_type":"queue","routing_key":"m68.proc","arguments":{}},{"source":"DeviceServices.DLQ","vhost":"NWK-PROD-IOSSYSTEMS","destination":"DeviceServices.ManufacturingProcessing.DLQ","destination_type":"queue","routing_key":"manufacturing.processing","arguments":{}},{"source":"DeviceServices.DLQ","vhost":"NWK-PROD-IOSSYSTEMS","destination":"DeviceServices.Hydra.Ldr.DLQ","destination_type":"queue","routing_key":"mpn.loader","arguments":{}},{"source":"DeviceServices.DLQ","vhost":"NWK-PROD-IOSSYSTEMS","destination":"DeviceServices.Hydra.Ldr.v2.DLQ","destination_type":"queue","routing_key":"mpn.loader.v2","arguments":{}},{"source":"DeviceServices.DLQ","vhost":"NWK-PROD-IOSSYSTEMS","destination":"DeviceServices.Hydra.Proc.DLQ","destination_type":"queue","routing_key":"mpn.processing","arguments":{}},{"source":"DeviceServices.DLQ","vhost":"NWK-PROD-IOSSYSTEMS","destination":"DeviceServices.Hydra.Proc.v2.DLQ","destination_type":"queue","routing_key":"mpn.processing.v2","arguments":{}},{"source":"DeviceServices.DLQ","vhost":"NWK-PROD-IOSSYSTEMS","destination":"DeviceServices.Numeros.Ldr.DLQ","destination_type":"queue","routing_key":"numeros.loader","arguments":{}},{"source":"DeviceServices.DLQ","vhost":"NWK-PROD-IOSSYSTEMS","destination":"DeviceServices.Numeros.Proc.DLQ","destination_type":"queue","routing_key":"numeros.processing","arguments":{}},{"source":"DeviceServices.DLQ","vhost":"NWK-PROD-IOSSYSTEMS","destination":"DeviceServices.S72Feed.DLQ","destination_type":"queue","routing_key":"s72feed.fileinfo","arguments":{}},{"source":"DeviceServices.DLQ","vhost":"NWK-PROD-IOSSYSTEMS","destination":"DeviceServices.M68Processing.Interim.DLQ","destination_type":"queue","routing_key":"sap.incoming.interim","arguments":{}},{"source":"DeviceServices.DLQ","vhost":"NWK-PROD-IOSSYSTEMS","destination":"DeviceServices.SuperSearch.DLQ","destination_type":"queue","routing_key":"super.search","arguments":{}},{"source":"DeviceServices.DLQ","vhost":"NWK-PROD-IOSSYSTEMS","destination":"DeviceServices.TatsuProcessing.M3.DLQ","destination_type":"queue","routing_key":"tatsu.m3.processing","arguments":{}},{"source":"DeviceServices.DLQ","vhost":"NWK-PROD-IOSSYSTEMS","destination":"DeviceServices.TatsuLoader.V2.DLQ","destination_type":"queue","routing_key":"tatsu.v2.loader","arguments":{}},{"source":"DeviceServices.DLQ","vhost":"NWK-PROD-IOSSYSTEMS","destination":"DeviceServices.TatsuProcessing.V2.DLQ","destination_type":"queue","routing_key":"tatsu.v2.processing","arguments":{}},{"source":"DeviceServices.DLQ","vhost":"NWK-PROD-IOSSYSTEMS","destination":"DeviceServices.TreeckoFeed.DLQ","destination_type":"queue","routing_key":"treecko.feed","arguments":{}},{"source":"DeviceServices.DLQ","vhost":"NWK-PROD-IOSSYSTEMS","destination":"Deviceservices.Manufacturing.Provisioning.Engineering.DLQ","destination_type":"queue","routing_key":"treecko.provisioning","arguments":{}},{"source":"DeviceServices.DLQ","vhost":"NWK-PROD-IOSSYSTEMS","destination":"Deviceservices.Manufacturing.Provisioning.Engineering.DLQ","destination_type":"queue","routing_key":"treecko.provisioning.J34I","arguments":{}},{"source":"DeviceServices.DLQ","vhost":"NWK-PROD-IOSSYSTEMS","destination":"Deviceservices.Manufacturing.Provisioning.Engineering.DLQ","destination_type":"queue","routing_key":"treecko.provisioning.J42","arguments":{}},{"source":"DeviceServices.DLQ","vhost":"NWK-PROD-IOSSYSTEMS","destination":"Deviceservices.Manufacturing.Provisioning.Engineering.DLQ","destination_type":"queue","routing_key":"treecko.provisioning.J42D","arguments":{}},{"source":"DeviceServices.DLQ","vhost":"NWK-PROD-IOSSYSTEMS","destination":"Deviceservices.Manufacturing.Provisioning.Engineering.DLQ","destination_type":"queue","routing_key":"treecko.provisioning.J42M","arguments":{}},{"source":"DeviceServices.DLQ","vhost":"NWK-PROD-IOSSYSTEMS","destination":"Deviceservices.Manufacturing.Provisioning.Engineering.DLQ","destination_type":"queue","routing_key":"treecko.provisioning.J73","arguments":{}},{"source":"DeviceServices.DLQ","vhost":"NWK-PROD-IOSSYSTEMS","destination":"Deviceservices.Manufacturing.Provisioning.Engineering.DLQ","destination_type":"queue","routing_key":"treecko.provisioning.J76","arguments":{}},{"source":"DeviceServices.DLQ","vhost":"NWK-PROD-IOSSYSTEMS","destination":"Deviceservices.Manufacturing.Provisioning.Engineering.DLQ","destination_type":"queue","routing_key":"treecko.provisioning.J81","arguments":{}},{"source":"DeviceServices.DLQ","vhost":"NWK-PROD-IOSSYSTEMS","destination":"Deviceservices.Manufacturing.Provisioning.Engineering.DLQ","destination_type":"queue","routing_key":"treecko.provisioning.J85M","arguments":{}},{"source":"DeviceServices.DLQ","vhost":"NWK-PROD-IOSSYSTEMS","destination":"Deviceservices.Manufacturing.Provisioning.Engineering.DLQ","destination_type":"queue","routing_key":"treecko.provisioning.J87","arguments":{}},{"source":"DeviceServices.DLQ","vhost":"NWK-PROD-IOSSYSTEMS","destination":"Deviceservices.Manufacturing.Provisioning.Engineering.DLQ","destination_type":"queue","routing_key":"treecko.provisioning.J97","arguments":{}},{"source":"DeviceServices.DLQ","vhost":"NWK-PROD-IOSSYSTEMS","destination":"Deviceservices.Manufacturing.Provisioning.Engineering.DLQ","destination_type":"queue","routing_key":"treecko.provisioning.J98","arguments":{}},{"source":"DeviceServices.DLQ","vhost":"NWK-PROD-IOSSYSTEMS","destination":"Deviceservices.Manufacturing.Provisioning.Engineering.DLQ","destination_type":"queue","routing_key":"treecko.provisioning.J99","arguments":{}},{"source":"DeviceServices.DLQ","vhost":"NWK-PROD-IOSSYSTEMS","destination":"Deviceservices.Manufacturing.Provisioning.Release.DLQ","destination_type":"queue","routing_key":"treecko.provisioning.K94","arguments":{}},{"source":"DeviceServices.DLQ","vhost":"NWK-PROD-IOSSYSTEMS","destination":"Deviceservices.Manufacturing.Provisioning.Release.DLQ","destination_type":"queue","routing_key":"treecko.provisioning.K95","arguments":{}},{"source":"DeviceServices.DLQ","vhost":"NWK-PROD-IOSSYSTEMS","destination":"Deviceservices.Manufacturing.Provisioning.Engineering.DLQ","destination_type":"queue","routing_key":"treecko.provisioning.N27A","arguments":{}},{"source":"DeviceServices.DLQ","vhost":"NWK-PROD-IOSSYSTEMS","destination":"Deviceservices.Manufacturing.Provisioning.Engineering.DLQ","destination_type":"queue","routing_key":"treecko.provisioning.N59","arguments":{}},{"source":"DeviceServices.DLQ","vhost":"NWK-PROD-IOSSYSTEMS","destination":"Deviceservices.Manufacturing.Provisioning.Engineering.DLQ","destination_type":"queue","routing_key":"treecko.provisioning.N66","arguments":{}},{"source":"DeviceServices.DLQ","vhost":"NWK-PROD-IOSSYSTEMS","destination":"Deviceservices.Manufacturing.Provisioning.Engineering.DLQ","destination_type":"queue","routing_key":"treecko.provisioning.N71","arguments":{}},{"source":"DeviceServices.DLQ","vhost":"NWK-PROD-IOSSYSTEMS","destination":"Deviceservices.Manufacturing.Provisioning.Release.DLQ","destination_type":"queue","routing_key":"treecko.provisioning.N92A","arguments":{}},{"source":"DeviceServices.DLQ","vhost":"NWK-PROD-IOSSYSTEMS","destination":"Deviceservices.Manufacturing.Provisioning.Engineering.DLQ","destination_type":"queue","routing_key":"treecko.provisioning.T137","arguments":{}},{"source":"DeviceServices.DLQ","vhost":"NWK-PROD-IOSSYSTEMS","destination":"Deviceservices.Manufacturing.Provisioning.Engineering.DLQ","destination_type":"queue","routing_key":"treecko.provisioning.j34i","arguments":{}},{"source":"DeviceServices.DLQ","vhost":"NWK-PROD-IOSSYSTEMS","destination":"Deviceservices.Manufacturing.Provisioning.Engineering.DLQ","destination_type":"queue","routing_key":"treecko.provisioning.j73","arguments":{}},{"source":"DeviceServices.DLQ","vhost":"NWK-PROD-IOSSYSTEMS","destination":"Deviceservices.Manufacturing.Provisioning.Engineering.DLQ","destination_type":"queue","routing_key":"treecko.provisioning.j76","arguments":{}},{"source":"DeviceServices.DLQ","vhost":"NWK-PROD-IOSSYSTEMS","destination":"Deviceservices.Manufacturing.Provisioning.Engineering.DLQ","destination_type":"queue","routing_key":"treecko.provisioning.j81","arguments":{}},{"source":"DeviceServices.DLQ","vhost":"NWK-PROD-IOSSYSTEMS","destination":"Deviceservices.Manufacturing.Provisioning.Engineering.DLQ","destination_type":"queue","routing_key":"treecko.provisioning.j82","arguments":{}},{"source":"DeviceServices.DLQ","vhost":"NWK-PROD-IOSSYSTEMS","destination":"Deviceservices.Manufacturing.Provisioning.Engineering.DLQ","destination_type":"queue","routing_key":"treecko.provisioning.j87","arguments":{}},{"source":"DeviceServices.DLQ","vhost":"NWK-PROD-IOSSYSTEMS","destination":"Deviceservices.Manufacturing.Provisioning.Release.DLQ","destination_type":"queue","routing_key":"treecko.provisioning.k94","arguments":{}},{"source":"DeviceServices.DLQ","vhost":"NWK-PROD-IOSSYSTEMS","destination":"Deviceservices.Manufacturing.Provisioning.Release.DLQ","destination_type":"queue","routing_key":"treecko.provisioning.k95","arguments":{}},{"source":"DeviceServices.DLQ","vhost":"NWK-PROD-IOSSYSTEMS","destination":"Deviceservices.Manufacturing.Provisioning.Release.DLQ","destination_type":"queue","routing_key":"treecko.provisioning.n92a","arguments":{}},{"source":"DeviceServices.DLQ","vhost":"NWK-PROD-IOSSYSTEMS","destination":"DeviceServices.DeviceUnbrickInfoProcessing.TetherAction.Callback.DLQ","destination_type":"queue","routing_key":"ub.device.unbrick.info.tetheraction.callback","arguments":{}},{"source":"DeviceServices.DLQ","vhost":"NWK-PROD-IOSSYSTEMS","destination":"DeviceServices.DeviceUnbrickInfoProcessing.TetherAction.Set.DLQ","destination_type":"queue","routing_key":"ub.device.unbrick.info.tetheraction.set","arguments":{}},{"source":"DeviceServices.DLQ","vhost":"NWK-PROD-IOSSYSTEMS","destination":"DeviceServices.DeviceUnbrickInfoProcessing.TetherAction.Transfer.DLQ","destination_type":"queue","routing_key":"ub.device.unbrick.info.tetheraction.transfer","arguments":{}},{"source":"DeviceServices.DLQ","vhost":"NWK-PROD-IOSSYSTEMS","destination":"DeviceServices.UBProcessingLog.DLQ","destination_type":"queue","routing_key":"ub.device.unbrick.log","arguments":{}},{"source":"DeviceServices.DLQ","vhost":"NWK-PROD-IOSSYSTEMS","destination":"DeviceServices.UBProcessingLog.ActivityInfo.Activation.DLQ","destination_type":"queue","routing_key":"ub.device.unbrick.log.activityinfo.activation","arguments":{}},{"source":"DeviceServices.DLQ","vhost":"NWK-PROD-IOSSYSTEMS","destination":"DeviceServices.UnbrickLog.Downstream.DLQ","destination_type":"queue","routing_key":"ub.device.unbrick.log.activityinfo.activation.downstream","arguments":{}},{"source":"DeviceServices.DLQ","vhost":"NWK-PROD-IOSSYSTEMS","destination":"DeviceServices.UBProcessingLog.ActivityInfo.Activation.DLQ","destination_type":"queue","routing_key":"ub.device.unbrick.log.activityinfo.activation.multicast","arguments":{}},{"source":"DeviceServices.DLQ","vhost":"NWK-PROD-IOSSYSTEMS","destination":"DeviceServices.UnbrickLog.Downstream.DLQ","destination_type":"queue","routing_key":"ub.device.unbrick.log.activityinfo.activation.multicast","arguments":{}},{"source":"DeviceServices.DLQ","vhost":"NWK-PROD-IOSSYSTEMS","destination":"DeviceServices.UnbrickLog.Downstream.DLQ","destination_type":"queue","routing_key":"ub.device.unbrick.log.pairingnotification.downstream","arguments":{}},{"source":"DeviceServices.DLQ","vhost":"NWK-PROD-IOSSYSTEMS","destination":"DeviceServices.UBProcessingLog.phoneNumberSimNotification.DLQ","destination_type":"queue","routing_key":"ub.device.unbrick.log.phonenumbersimnotification","arguments":{}},{"source":"DeviceServices.DLQ","vhost":"NWK-PROD-IOSSYSTEMS","destination":"DeviceServices.UnbrickLog.Downstream.DLQ","destination_type":"queue","routing_key":"ub.device.unbrick.log.phonenumbersimnotification.downstream","arguments":{}},{"source":"DeviceServices.DLQ","vhost":"NWK-PROD-IOSSYSTEMS","destination":"DeviceServices.UBProcessingLog.phoneNumberSimNotification.DLQ","destination_type":"queue","routing_key":"ub.device.unbrick.log.phonenumbersimnotification.multicast","arguments":{}},{"source":"DeviceServices.DLQ","vhost":"NWK-PROD-IOSSYSTEMS","destination":"DeviceServices.UnbrickLog.Downstream.DLQ","destination_type":"queue","routing_key":"ub.device.unbrick.log.phonenumbersimnotification.multicast","arguments":{}},{"source":"DeviceServices.DLQ","vhost":"NWK-PROD-IOSSYSTEMS","destination":"DeviceServices.UBProcessingLog.RegistrationInfo.DLQ","destination_type":"queue","routing_key":"ub.device.unbrick.log.registrationinfo","arguments":{}},{"source":"DeviceServices.DLQ","vhost":"NWK-PROD-IOSSYSTEMS","destination":"DeviceServices.UnbrickLog.Downstream.DLQ","destination_type":"queue","routing_key":"ub.device.unbrick.log.registrationinfo.downstream","arguments":{}},{"source":"DeviceServices.DLQ","vhost":"NWK-PROD-IOSSYSTEMS","destination":"DeviceServices.UBProcessingLog.RegistrationInfo.DLQ","destination_type":"queue","routing_key":"ub.device.unbrick.log.registrationinfo.multicast","arguments":{}},{"source":"DeviceServices.DLQ","vhost":"NWK-PROD-IOSSYSTEMS","destination":"DeviceServices.UnbrickLog.Downstream.DLQ","destination_type":"queue","routing_key":"ub.device.unbrick.log.registrationinfo.multicast","arguments":{}},{"source":"DeviceServices.DLQ","vhost":"NWK-PROD-IOSSYSTEMS","destination":"DeviceServices.UBProcessingLog.Skip.DLQ","destination_type":"queue","routing_key":"ub.device.unbrick.log.skip","arguments":{}},{"source":"DeviceServices.DLQ","vhost":"NWK-PROD-IOSSYSTEMS","destination":"DeviceServices.UnbrickLog.Downstream.DLQ","destination_type":"queue","routing_key":"ub.device.unbrick.log.skip.downstream","arguments":{}},{"source":"DeviceServices.DLQ","vhost":"NWK-PROD-IOSSYSTEMS","destination":"DeviceServices.UBProcessingLog.Unbrick.DLQ","destination_type":"queue","routing_key":"ub.device.unbrick.log.unbrick","arguments":{}},{"source":"DeviceServices.DLQ","vhost":"NWK-PROD-IOSSYSTEMS","destination":"DeviceServices.UnbrickLog.Downstream.DLQ","destination_type":"queue","routing_key":"ub.device.unbrick.log.unbrick.downstream","arguments":{}},{"source":"DeviceServices.DLQ","vhost":"NWK-PROD-IOSSYSTEMS","destination":"DeviceServices.UBProcessingLog.Unbrick.Insert.DLQ","destination_type":"queue","routing_key":"ub.device.unbrick.log.unbrick.insert","arguments":{}},{"source":"DeviceServices.DLQ","vhost":"NWK-PROD-IOSSYSTEMS","destination":"DeviceServices.UBProcessingLog.Unbrick.DLQ","destination_type":"queue","routing_key":"ub.device.unbrick.log.unbrick.multicast","arguments":{}},{"source":"DeviceServices.DLQ","vhost":"NWK-PROD-IOSSYSTEMS","destination":"DeviceServices.UnbrickLog.Downstream.DLQ","destination_type":"queue","routing_key":"ub.device.unbrick.log.unbrick.multicast","arguments":{}},{"source":"DeviceServices.DLQ","vhost":"NWK-PROD-IOSSYSTEMS","destination":"DeviceServices.DeviceUnbrickStrategy.DLQ","destination_type":"queue","routing_key":"ub.device.unbrick.strategy","arguments":{}},{"source":"DeviceServices.DLQ","vhost":"NWK-PROD-IOSSYSTEMS","destination":"DeviceServices.UBProcessingLog.Skip.DLQ","destination_type":"queue","routing_key":"ub.device.unbricklog.skip.multicast","arguments":{}},{"source":"DeviceServices.DLQ","vhost":"NWK-PROD-IOSSYSTEMS","destination":"DeviceServices.UnbrickLog.Downstream.DLQ","destination_type":"queue","routing_key":"ub.device.unbricklog.skip.multicast","arguments":{}},{"source":"DeviceServices.DLQ","vhost":"NWK-PROD-IOSSYSTEMS","destination":"DeviceServices.DeviceOverride.Create.DLQ","destination_type":"queue","routing_key":"ub.deviceoverride.create","arguments":{}},{"source":"DeviceServices.DLQ","vhost":"NWK-PROD-IOSSYSTEMS","destination":"DeviceServices.DeviceOverride.SetActiveStatus.DLQ","destination_type":"queue","routing_key":"ub.deviceoverride.setactivestatus","arguments":{}},{"source":"DeviceServices.DLQ","vhost":"NWK-PROD-IOSSYSTEMS","destination":"DeviceServices.DeviceOverride.SetIndividualActiveStatus.DLQ","destination_type":"queue","routing_key":"ub.deviceoverride.setindividualactivestatus","arguments":{}},{"source":"DeviceServices.DLQ","vhost":"NWK-PROD-IOSSYSTEMS","destination":"DeviceServices.IPodUnbrickInfoProcessing.TetherAction.Callback.DLQ","destination_type":"queue","routing_key":"ub.ipod.unbrick.info.tetheraction.callback","arguments":{}},{"source":"DeviceServices.DLQ","vhost":"NWK-PROD-IOSSYSTEMS","destination":"DeviceServices.IPodUnbrickProcessingLog.DLQ","destination_type":"queue","routing_key":"ub.ipod.unbrick.log","arguments":{}},{"source":"DeviceServices.DLQ","vhost":"NWK-PROD-IOSSYSTEMS","destination":"DeviceServices.UnbrickLogIpod.Downstream.DLQ","destination_type":"queue","routing_key":"ub.ipod.unbrick.log.1208.downstream","arguments":{}},{"source":"DeviceServices.DLQ","vhost":"NWK-PROD-IOSSYSTEMS","destination":"DeviceServices.IPodUnbrickLog.Insert.DLQ","destination_type":"queue","routing_key":"ub.ipod.unbrick.log.insert","arguments":{}},{"source":"DeviceServices.DLQ","vhost":"NWK-PROD-IOSSYSTEMS","destination":"DeviceServices.IPodUnbrickProcessingLog.DLQ","destination_type":"queue","routing_key":"ub.ipod.unbrick.log.multicast","arguments":{}},{"source":"DeviceServices.DLQ","vhost":"NWK-PROD-IOSSYSTEMS","destination":"DeviceServices.UnbrickLogIpod.Downstream.DLQ","destination_type":"queue","routing_key":"ub.ipod.unbrick.log.multicast","arguments":{}},{"source":"DeviceServices.DLQ","vhost":"NWK-PROD-IOSSYSTEMS","destination":"DeviceServices.IPodUnbrickStrategy.DLQ","destination_type":"queue","routing_key":"ub.ipod.unbrick.strategy","arguments":{}},{"source":"DeviceServices.DLQ","vhost":"NWK-PROD-IOSSYSTEMS","destination":"DeviceServices.UBMacosLog.Unbrick.DLQ","destination_type":"queue","routing_key":"ub.macos.log.unbrick","arguments":{}},{"source":"DeviceServices.DLQ","vhost":"NWK-PROD-IOSSYSTEMS","destination":"DeviceServices.MacOSUnbrickStrategy.DLQ","destination_type":"queue","routing_key":"ub.macos.unbrick.strategy","arguments":{}},{"source":"DeviceServices.DLQ","vhost":"NWK-PROD-IOSSYSTEMS","destination":"DeviceServices.SubscriberNumber.Update.DLQ","destination_type":"queue","routing_key":"ub.subscriberNumber.update","arguments":{}},{"source":"DeviceServices.DLQ","vhost":"NWK-PROD-IOSSYSTEMS","destination":"DeviceServices.Phobos.C10.DLQ","destination_type":"queue","routing_key":"validate.loader","arguments":{}},{"source":"DeviceServices.DLQ","vhost":"NWK-PROD-IOSSYSTEMS","destination":"DeviceServices.ZX9Replacement.DLQ","destination_type":"queue","routing_key":"zx9.replacement","arguments":{}},{"source":"DeviceServices.Scheduled","vhost":"NWK-PROD-IOSSYSTEMS","destination":"DeviceServices.Scheduled.CypICCIDBatch","destination_type":"queue","routing_key":"cyp.iccid.batch","arguments":{}},{"source":"DeviceServices.Scheduled","vhost":"NWK-PROD-IOSSYSTEMS","destination":"DeviceServices.UBProcessingLog.5Min.ActivityInfo.Activation","destination_type":"queue","routing_key":"ub.device.unbrick.log.activityinfo.activation","arguments":{}},{"source":"DeviceServices.Scheduled","vhost":"NWK-PROD-IOSSYSTEMS","destination":"DeviceServices.UBProcessingLog.20Min.phoneNumberSimNotification","destination_type":"queue","routing_key":"ub.device.unbrick.log.phonenumbersimnotification","arguments":{}},{"source":"DeviceServices.Scheduled","vhost":"NWK-PROD-IOSSYSTEMS","destination":"DeviceServices.UBProcessingLog.5Min.RegistrationInfo","destination_type":"queue","routing_key":"ub.device.unbrick.log.registrationinfo","arguments":{}},{"source":"DeviceServices.Scheduled","vhost":"NWK-PROD-IOSSYSTEMS","destination":"DeviceServices.Scheduled.5min.UnbrickLog.Unbrick","destination_type":"queue","routing_key":"ub.device.unbrick.log.unbrick","arguments":{}},{"source":"SAPServices.AOSBatch","vhost":"NWK-PROD-IOSSYSTEMS","destination":"SAPServices.Cancellation","destination_type":"queue","routing_key":"sap.aos.cancellation","arguments":{}},{"source":"SAPServices.AOSBatch","vhost":"NWK-PROD-IOSSYSTEMS","destination":"SAPServices.OrderStatus","destination_type":"queue","routing_key":"sap.aos.orderstatus","arguments":{}},{"source":"SAPServices.AOSBatch","vhost":"NWK-PROD-IOSSYSTEMS","destination":"SAPServices.Preship","destination_type":"queue","routing_key":"sap.aos.preship","arguments":{}},{"source":"SAPServices.AOSBatch","vhost":"NWK-PROD-IOSSYSTEMS","destination":"SAPServices.Ship","destination_type":"queue","routing_key":"sap.aos.ship","arguments":{}},{"source":"SAPServices.AOSBatch.DLQ","vhost":"NWK-PROD-IOSSYSTEMS","destination":"SAPServices.Cancellation.DLQ","destination_type":"queue","routing_key":"sap.aos.cancellation","arguments":{}},{"source":"SAPServices.AOSBatch.DLQ","vhost":"NWK-PROD-IOSSYSTEMS","destination":"SAPServices.OrderStatus.DLQ","destination_type":"queue","routing_key":"sap.aos.orderstatus","arguments":{}},{"source":"SAPServices.AOSBatch.DLQ","vhost":"NWK-PROD-IOSSYSTEMS","destination":"SAPServices.Preship.DLQ","destination_type":"queue","routing_key":"sap.aos.preship","arguments":{}},{"source":"SAPServices.AOSBatch.DLQ","vhost":"NWK-PROD-IOSSYSTEMS","destination":"SAPServices.Ship.DLQ","destination_type":"queue","routing_key":"sap.aos.ship","arguments":{}},{"source":"iOSSystems.Exchange.Keystone.crosscluster.broadcast","vhost":"NWK-PROD-IOSSYSTEMS","destination":"iOSSystems.Queue.Keystone.ShovelOutgoingNC1","destination_type":"queue","routing_key":"shovel_out","arguments":{}},{"source":"iOSSystems.Exchange.Keystone.events.service","vhost":"NWK-PROD-IOSSYSTEMS","destination":"iOSSystems.Exchange.Keystone.events.service","destination_type":"queue","routing_key":"iOSSystems.Exchange.Keystone.events.service","arguments":{}},{"source":"iOSSystems.Exchange.Keystone.events.service","vhost":"NWK-PROD-IOSSYSTEMS","destination":"iOSSystems.Queue.Keystone.ShovelOutgoingNC1","destination_type":"queue","routing_key":"pod2","arguments":{}},{"source":"iOSSystems.Exchange.Keystone.events.service","vhost":"NWK-PROD-IOSSYSTEMS","destination":"iOSSystems.Queue.Keystone.Xfer","destination_type":"queue","routing_key":"pod2","arguments":{}},{"source":"iOSSystems.Exchange.Keystone.events.service","vhost":"NWK-PROD-IOSSYSTEMS","destination":"iOSSystems.Queue.Keystone.Xfer","destination_type":"queue","routing_key":"xfer","arguments":{}}]}
